Epoch,Train Loss,Val Loss,L2 Loss,L2 Std,L2 Max Outlier
1,0.0007976,0.0009147,87.14,62.41,219.2
2,0.0002958,0.0008692,87.75,63.1,207.9
3,0.0002862,0.0008449,86.01,60.65,199.4
4,0.0002785,0.0008205,73.27,62.15,205.1
5,0.0002735,0.0008094,58.38,58.35,209.3
6,0.0002731,0.0008106,42.03,50.38,210.7
7,0.0002684,0.0008015,40.52,47.11,213.5
8,0.0002659,0.0007897,44.91,51.86,213.5
9,0.0002618,0.0007775,39.01,51.54,206.5
10,0.0002589,0.0007674,31.78,46.59,217.8
11,0.0002557,0.0007622,36.03,51.94,224.9
12,0.000253,0.000751,21.32,35.33,199.4
13,0.0002512,0.0007436,18.36,26.98,179.6
14,0.0002482,0.0007332,15.75,21.33,165.5
15,0.0002442,0.0007273,17.31,28.67,186.7
16,0.0002416,0.0007208,12.81,15.08,144.2
17,0.0002388,0.0007195,16.77,27.91,200.8
18,0.0002376,0.0007097,12.48,14.36,120.2
19,0.0002362,0.0007081,16.84,27.61,200.8
20,0.000235,0.0006956,12.04,13.46,118.8
21,0.0002332,0.0007018,13.81,19.68,189.5
22,0.0002338,0.0006979,11.24,14.73,168.3
23,0.0002317,0.0006838,12.45,15.72,171.1
24,0.0002273,0.0006809,11.46,12.62,107.5
25,0.0002258,0.0006738,11.58,13.62,130.1
26,0.0002238,0.0006654,11.76,15.66,164
27,0.0002215,0.0006607,11.17,15.2,161.2
28,0.0002225,0.0006664,10.63,13.18,161.2
29,0.0002205,0.0006524,10.44,12.1,98.99
30,0.0002173,0.0006466,9.832,11.34,101.8
31,0.0002154,0.0006401,10.27,15.11,166.9
32,0.0002116,0.000632,10.18,13.57,128.7
33,0.000209,0.0006267,10.65,13.05,117.4
34,0.00021,0.0006221,10.31,11.83,80.61
35,0.0002065,0.0006147,10.21,12.79,124.5
36,0.0002095,0.0006417,10.53,15.16,154.1
37,0.0002091,0.0006248,10.41,12.67,76.37
38,0.0002071,0.0006139,10.21,12.47,73.54
39,0.0002045,0.000609,10.19,13.65,79.2
40,0.0002068,0.0006115,9.337,11.12,66.47
41,0.0002014,0.0006027,10.4,13.86,97.58
42,0.0001989,0.0006111,11.24,16.28,97.58
43,0.000202,0.0005966,9.648,14.01,87.68
44,0.000198,0.0005929,9.45,12.27,74.95
45,0.0001987,0.0005847,9.889,12.81,79.2
46,0.0001962,0.000586,9.185,12.03,79.2
47,0.0001916,0.0005771,8.977,11.3,76.37
48,0.0001889,0.0005786,9.394,11.58,76.37
49,0.0001858,0.000572,9.086,12.78,77.78
50,0.0001848,0.0005728,9.638,12.48,79.2
51,0.0001872,0.0005652,9.938,15.15,80.61
52,0.0001824,0.0005624,9.072,13.15,91.92
53,0.0001813,0.0005619,9.214,13.69,82.02
54,0.0001836,0.000553,8.959,14.19,79.2
55,0.0001821,0.0005522,8.832,14.04,84.85
56,0.0001777,0.0005511,8.945,13.76,79.2
57,0.0001774,0.0005511,9.96,15.71,84.85
58,0.0001751,0.0005431,8.666,14.64,86.27
59,0.0001727,0.0005281,9.196,14.87,86.27
60,0.0001705,0.0005337,8.775,14.99,86.27
61,0.0001706,0.0005423,8.531,14.03,82.02
62,0.0001711,0.0005391,9.019,14.94,89.1
63,0.0001693,0.0005238,8.704,15.27,83.44
64,0.0001663,0.0005197,8.659,15.03,83.44
65,0.0001655,0.0005073,9.065,15.14,84.85
66,0.0001642,0.0005085,8.514,15.64,86.27
67,0.0001603,0.0005085,7.888,14.49,89.1
68,0.0001575,0.0005162,8.202,14.26,82.02
69,0.0001604,0.0005022,8.835,15.94,87.68
70,0.0001611,0.0005016,7.75,14.8,83.44
71,0.0001589,0.0005012,7.121,13.01,80.61
72,0.0001603,0.0004969,7.849,14.36,86.27
73,0.0001551,0.0005097,8.439,14.65,86.27
74,0.0001571,0.0004855,7.205,13.8,83.44
75,0.0001542,0.0004874,7.626,13.72,77.78
76,0.0001528,0.0004722,7.432,14.45,90.51
77,0.0001498,0.0004823,6.947,13.29,83.44
78,0.0001507,0.0004644,7.785,15.05,86.27
79,0.0001431,0.0004643,6.947,13.37,80.61
80,0.0001443,0.0004644,7.184,14.3,87.68
81,0.0001446,0.00046,7.156,14.89,90.51
82,0.0001432,0.0004475,6.643,13.74,87.68
83,0.0001419,0.0004671,7.011,13.82,90.51
84,0.000141,0.0004416,7.361,15.36,84.85
85,0.0001376,0.0004383,5.706,12.07,83.44
86,0.0001393,0.0004337,5.42,11.04,80.61
87,0.0001389,0.0004488,6.191,12.89,79.2
88,0.0001407,0.0004399,5.957,11.74,79.2
89,0.0001385,0.0004493,4.547,7.579,74.95
90,0.0001377,0.0004404,5.374,11.11,82.02
91,0.000134,0.0004261,5.689,11.86,87.68
92,0.000123,0.0004178,5.473,12.2,83.44
93,0.0001251,0.000416,6.014,12.86,86.27
94,0.0001233,0.0004101,5.703,12.88,87.68
95,0.0001194,0.0004107,4.876,9.9,89.1
96,0.0001198,0.0004109,4.674,8.493,74.95
97,0.0001208,0.0004013,5.028,10.43,82.02
98,0.0001197,0.0004072,4.423,8.942,83.44
99,0.0001191,0.0004052,4.352,8.049,72.12
100,0.0001219,0.0004038,4.536,8.709,69.3
101,0.0001172,0.0003982,4.25,8.597,82.02
102,0.0001201,0.0004014,4.221,7.407,73.54
103,0.0001189,0.0004032,5.194,10.13,83.44
104,0.0001204,0.0004048,4.692,9.255,84.85
105,0.0001167,0.0003984,4.398,8.444,83.44
106,0.0001143,0.0003995,3.864,7.005,74.95
107,0.0001172,0.0003968,4.653,8.728,73.54
108,0.0001148,0.0004017,4.469,8.763,74.95
109,0.0001128,0.0003976,4.027,7.254,67.88
110,0.0001152,0.0003974,3.985,8.101,83.44
111,0.0001115,0.0004022,4.366,8.355,67.88
112,0.0001147,0.0004033,4.349,8.328,69.3
113,0.000113,0.0003947,4.313,7.767,83.44
114,0.0001171,0.0003944,4.674,9.245,83.44
115,0.0001174,0.000396,4.416,8.672,83.44
116,0.0001118,0.0003969,4.444,8.829,83.44
117,0.0001162,0.0003989,4.2,7.503,79.2
118,0.0001133,0.000397,4.289,8.398,82.02
119,0.0001199,0.0003936,4.144,7.594,77.78
120,0.0001183,0.0003987,4.723,9.588,84.85
121,0.0001119,0.0003967,4.115,7.095,70.71
122,0.0001148,0.0004007,5.307,10.68,79.2
123,0.0001165,0.0003984,4.458,9.268,84.85
124,0.0001167,0.0003986,4.66,8.962,79.2
125,0.0001183,0.0003993,4.533,9.37,80.61
126,0.0001135,0.0003997,4.285,8.622,74.95
127,0.0001123,0.0003982,4.119,7.991,73.54
128,0.000116,0.000399,4.165,7.718,74.95
129,0.0001129,0.0004012,4.338,8.514,80.61
130,0.0001165,0.0003992,4.267,7.858,72.12
131,0.0001145,0.0004053,4.748,10.03,84.85
132,0.0001145,0.0004018,4.419,9.159,82.02
133,0.000117,0.0003975,4.274,8.677,83.44
134,0.0001179,0.0003994,4.462,8.465,80.61
135,0.0001185,0.0003955,4.352,8.939,82.02
136,0.0001152,0.0003948,4.207,7.465,83.44
137,0.000116,0.0003989,4.373,9.119,84.85
138,0.0001152,0.0004031,4.43,8.33,83.44
139,0.0001131,0.0004076,4.904,9.6,74.95
140,0.0001163,0.0003936,4.19,7.783,83.44
141,0.0001185,0.0004016,4.72,8.737,83.44
142,0.0001179,0.0003986,3.847,7,83.44
143,0.0001169,0.0003978,4.723,9.24,80.61
144,0.0001167,0.0004007,4.384,7.961,82.02
145,0.0001144,0.0004002,4.67,9.869,84.85
146,0.0001158,0.0003967,3.953,6.903,72.12
147,0.0001139,0.0004003,4.649,9.553,84.85
148,0.0001154,0.0003987,4.009,6.767,67.88
149,0.0001127,0.0003992,4.02,6.626,82.02
150,0.0001151,0.0004012,4.168,8.287,82.02
151,0.000117,0.0003958,4.108,8.143,83.44
152,0.0001178,0.0003938,4.444,8.936,84.85
153,0.0001135,0.0003955,4.31,7.793,69.3
154,0.0001168,0.0003995,4.161,8.02,83.44
155,0.0001166,0.0003985,4.437,9.064,82.02
156,0.0001161,0.0003994,4.582,8.937,82.02
157,0.000113,0.0003954,4.416,8.803,82.02
158,0.0001141,0.0003947,4.617,9.741,84.85
159,0.0001172,0.0003969,4.133,8.607,82.02
160,0.0001132,0.0003987,4.391,8.875,84.85
161,0.0001157,0.0003966,4.738,9.607,82.02
162,0.0001128,0.0003965,4.179,7.166,66.47
163,0.0001138,0.0003992,4.681,9.224,84.85
164,0.0001136,0.0004008,4.582,8.282,80.61
165,0.0001126,0.0003957,3.833,7.841,83.44
166,0.0001133,0.0003991,4.533,8.72,72.12
167,0.0001124,0.0003903,4.289,8.349,83.44
168,0.0001177,0.0003983,4.731,9.706,84.85
169,0.0001133,0.0004011,4.388,9.088,83.44
170,0.0001139,0.0004004,4.324,8.411,83.44
171,0.0001152,0.0003962,4.593,8.794,83.44
172,0.0001148,0.0003989,4.384,8.695,83.44
173,0.0001158,0.000402,4.571,8.84,83.44
174,0.0001138,0.0003963,4.624,8.59,83.44
175,0.0001182,0.0004016,4.847,10.19,83.44
176,0.0001143,0.0003985,4.398,8.779,84.85
177,0.0001181,0.0003953,4.967,10.97,84.85
178,0.0001133,0.000398,4.119,6.786,67.88
179,0.0001168,0.0003978,4.621,8.885,82.02
180,0.0001165,0.0003953,4.37,8.404,74.95
181,0.0001175,0.000395,3.963,6.689,73.54
182,0.0001118,0.0003996,4.101,8.166,82.02
183,0.000114,0.0003978,4.211,7.654,83.44
184,0.0001157,0.0003963,4.363,8.785,74.95
185,0.0001173,0.0003966,4.317,7.111,63.64
186,0.0001122,0.0003965,4.78,9.561,73.54
187,0.0001149,0.0004013,4.335,8.234,82.02
188,0.000114,0.0004021,4.451,9.299,83.44
189,0.0001112,0.0003994,4.126,7.329,76.37
190,0.0001147,0.000396,4.356,8.48,77.78
191,0.0001167,0.0003999,4.352,8.855,76.37
192,0.0001164,0.0004001,4.66,8.657,84.85
193,0.0001133,0.0003987,4.073,6.725,63.64
194,0.0001174,0.0003993,4.122,8.067,83.44
195,0.0001184,0.0004019,4.624,9.434,83.44
196,0.0001134,0.0004002,4.292,7.805,72.12
197,0.0001189,0.0003927,4.543,8.895,83.44
198,0.0001129,0.0003952,4.936,10,83.44
199,0.0001153,0.0003969,4.48,9.441,82.02
200,0.0001169,0.000399,4.982,10.18,77.78
201,0.0001135,0.0003957,4.228,7.753,76.37
202,0.0001113,0.0003979,4.49,8.537,79.2
203,0.0001138,0.000393,4.441,9.406,84.85
204,0.0001154,0.0003946,4.738,9.327,79.2
205,0.0001174,0.0004046,4.115,7.204,67.88
206,0.0001146,0.0003992,4.338,8.608,82.02
207,0.000117,0.0003985,4.529,8.734,76.37
208,0.0001117,0.0004004,4.183,7.162,57.98
209,0.000115,0.0003994,4.957,9.767,83.44
210,0.0001143,0.0003991,3.988,7.77,84.85
211,0.0001142,0.0003998,4.533,9.221,83.44
212,0.0001153,0.0004006,4.306,8.179,77.78
213,0.0001177,0.0003972,4.426,8.161,77.78
214,0.000112,0.0003985,4.02,7.667,74.95
215,0.0001131,0.0003983,4.501,8.844,83.44
216,0.0001147,0.0004051,4.115,7.642,73.54
217,0.0001144,0.0004008,4.26,8.112,82.02
218,0.0001133,0.0004039,3.999,6.444,65.05
219,0.000114,0.0004014,4.978,9.882,80.61
220,0.0001164,0.0003961,4.434,8.152,80.61
221,0.0001149,0.0003998,3.808,6.937,77.78
222,0.0001144,0.0004034,4.257,7.966,77.78
223,0.0001174,0.0003997,3.903,6.732,82.02
224,0.0001195,0.0004003,4.515,7.877,79.2
225,0.0001166,0.000399,4.501,8.29,80.61
226,0.0001161,0.0003929,4.186,7.194,74.95
227,0.0001121,0.0003977,4.67,9.104,76.37
228,0.0001138,0.0003995,4.172,7.907,82.02
229,0.0001136,0.0003983,4.653,9.403,83.44
230,0.0001164,0.0003938,4.282,8.331,82.02
231,0.0001164,0.0004013,4.716,9.382,79.2
232,0.000113,0.0004006,4.352,8.569,82.02
233,0.0001129,0.0003914,4.274,8.385,82.02
234,0.0001188,0.0003963,4.179,8.567,80.61
235,0.0001186,0.0003987,3.811,6.23,60.81
236,0.000117,0.0003992,4.172,7.623,84.85
237,0.0001159,0.0003997,4.073,7.421,72.12
238,0.0001158,0.0003997,4.377,8.395,83.44
239,0.0001137,0.0003945,4.536,8.252,69.3
240,0.0001148,0.0003952,4.805,9.717,84.85
241,0.000113,0.0003972,4.073,6.997,70.71
242,0.0001161,0.0004004,4.805,9.233,82.02
243,0.0001182,0.0003989,4.695,9.01,80.61
244,0.0001124,0.0003986,3.946,7.199,67.88
245,0.0001168,0.0003973,4.568,9.018,72.12
246,0.0001145,0.0004001,3.974,7.684,83.44
247,0.0001175,0.0004007,4.642,9.779,83.44
248,0.0001184,0.0004018,4.656,8.966,83.44
249,0.0001179,0.0003955,4.483,7.901,72.12
250,0.0001136,0.0003967,4.596,8.846,74.95
251,0.0001171,0.0004014,4.72,9.355,83.44
252,0.000116,0.0003985,4.278,8.071,74.95
253,0.0001147,0.0003992,3.772,6.001,66.47
254,0.0001137,0.0003968,4.13,8.401,83.44
255,0.0001118,0.0003951,3.953,7.063,76.37
256,0.0001138,0.0004014,4.324,7.574,67.88
257,0.0001152,0.0004054,3.808,5.979,53.74
258,0.0001153,0.0003994,4.147,8.248,83.44
259,0.0001152,0.0004004,4.78,9.622,73.54
260,0.0001158,0.0004,4.833,9.132,76.37
261,0.0001144,0.0003975,4.342,8.368,83.44
262,0.0001097,0.0003999,4.214,8.573,84.85
263,0.0001158,0.0003971,4.327,8.278,83.44
264,0.0001177,0.0004042,4.741,10.2,84.85
265,0.0001182,0.0003944,4.225,7.492,70.71
266,0.0001178,0.0003964,4.306,8.993,83.44
267,0.0001142,0.0004007,4.49,8.789,83.44
268,0.0001166,0.0004003,4.158,7.552,72.12
269,0.0001179,0.0003963,4.26,8.684,69.3
270,0.0001168,0.0003958,3.857,7.696,76.37
271,0.0001161,0.0003988,4.197,8.217,84.85
272,0.0001123,0.0004021,4.791,9.763,82.02
273,0.000116,0.0004035,4.419,8.699,69.3
274,0.0001169,0.0003955,4.349,8.272,83.44
275,0.0001157,0.0003998,4.274,7.464,70.71
276,0.0001128,0.0003961,4.37,8.222,79.2
277,0.0001144,0.0003984,4.002,6.425,57.98
278,0.0001178,0.0003964,4.076,7.515,67.88
279,0.0001166,0.0003973,4.002,6.784,77.78
280,0.0001148,0.0003938,4.296,8.235,80.61
281,0.0001154,0.0004002,4.971,9.26,77.78
282,0.0001173,0.0003981,3.847,6.399,80.61
283,0.0001159,0.0003985,4.455,9.509,80.61
284,0.0001145,0.0003965,4.31,7.77,67.88
285,0.0001121,0.0003989,4.529,8.071,70.71
286,0.0001148,0.0003994,4.525,9.001,83.44
287,0.0001161,0.0003917,3.917,6.921,76.37
288,0.0001132,0.0003991,4.278,7.822,83.44
289,0.0001107,0.0003977,4.695,9.505,82.02
290,0.0001146,0.0003937,4.327,8.71,83.44
291,0.0001135,0.0003964,4.381,8.466,83.44
292,0.0001184,0.0003954,4.292,8.029,83.44
293,0.0001143,0.0003969,4.907,10.16,83.44
294,0.0001143,0.0003944,4.236,7.64,79.2
295,0.0001176,0.0004003,3.9,7.318,69.3
296,0.0001166,0.0003996,4.501,8.27,66.47
297,0.0001148,0.0004012,4.582,7.87,69.3
298,0.0001121,0.0004027,4.335,7.475,83.44
299,0.0001137,0.0004015,4.342,7.645,67.88
300,0.000118,0.0003959,4.027,7.384,76.37
301,0.0001173,0.0003998,4.741,10.11,83.44
302,0.0001161,0.000398,4.292,8.8,83.44
303,0.0001172,0.0003984,4.525,9.061,79.2
304,0.0001148,0.0004003,4.19,8.536,83.44
305,0.000117,0.0003984,4.154,8.091,83.44
306,0.0001143,0.0003996,4.225,7.845,76.37
307,0.0001177,0.0003986,4.158,8.38,84.85
308,0.0001145,0.0003998,4.465,8.583,83.44
309,0.0001132,0.0004036,4.713,9.189,82.02
310,0.000115,0.0003948,3.49,5.932,77.78
311,0.0001157,0.0003997,4.115,7.115,83.44
312,0.0001163,0.0003963,4.289,8.272,83.44
313,0.0001154,0.000397,4.472,9.212,79.2
314,0.0001142,0.000399,4.653,9.194,83.44
315,0.0001157,0.000391,4.08,7.699,82.02
316,0.0001181,0.0003937,4.685,9.394,84.85
317,0.0001122,0.0004021,4.271,8.153,84.85
318,0.000119,0.0003964,4.349,7.809,72.12
319,0.000114,0.0003992,3.843,6.287,82.02
320,0.0001185,0.0003986,4.19,7.929,83.44
321,0.000115,0.0003983,4.26,8.552,83.44
322,0.000113,0.0004008,4.31,8.171,83.44
323,0.0001158,0.0003926,4.352,7.893,82.02
324,0.0001183,0.0004019,4.14,6.943,67.88
325,0.0001162,0.0003976,4.752,10.34,84.85
326,0.0001138,0.0004032,4.646,8.31,73.54
327,0.000115,0.0003967,3.741,6.092,67.88
328,0.0001159,0.0003967,4.437,7.99,77.78
329,0.0001197,0.0003957,4.154,7.882,83.44
330,0.0001181,0.0003983,4.564,9.845,83.44
331,0.0001172,0.0003973,4.303,8.071,83.44
332,0.0001183,0.0003991,4.278,7.971,79.2
333,0.0001164,0.0003985,4.381,7.509,80.61
334,0.0001172,0.0003982,4.296,7.835,79.2
335,0.0001134,0.0003985,4.207,8.985,87.68
336,0.0001149,0.000403,4.179,7.857,77.78
337,0.0001139,0.0003989,4.094,7.895,84.85
338,0.0001152,0.0003999,4.826,10.07,83.44
339,0.0001148,0.0003973,4.681,9.597,77.78
340,0.0001118,0.0003964,4.126,7.471,80.61
341,0.0001168,0.0003975,4.533,9.044,77.78
342,0.0001131,0.0004049,4.009,7.96,82.02
343,0.0001118,0.0004044,4.455,8.72,80.61
344,0.0001174,0.0003911,4.398,8.127,79.2
345,0.0001135,0.0003998,4.501,8.602,86.27
346,0.0001162,0.0003963,4.547,8.886,82.02
347,0.0001142,0.0003963,4.67,9.576,82.02
348,0.0001154,0.0003957,4.398,8.424,76.37
349,0.0001166,0.0003973,4.511,8.919,83.44
350,0.0001148,0.0003985,4.561,9.615,84.85
351,0.0001149,0.0003982,4.564,8.921,84.85
352,0.0001177,0.0003993,3.956,7.592,83.44
353,0.000115,0.0004026,4.624,9.798,80.61
354,0.0001141,0.0003998,4.066,7.871,84.85
355,0.0001112,0.0004036,4.883,9.758,82.02
356,0.0001133,0.0003979,4.564,8.358,74.95
357,0.0001164,0.0003922,4.299,8.053,74.95
358,0.0001156,0.0003936,4.808,9.489,77.78
359,0.0001187,0.0003996,4.391,8.383,77.78
360,0.0001139,0.0003967,4.752,9.483,82.02
361,0.0001161,0.0003928,4.342,8.298,74.95
362,0.0001149,0.0003988,3.772,5.824,73.54
363,0.0001155,0.0003965,4.702,9.31,82.02
364,0.0001147,0.0003986,4.179,8.053,82.02
365,0.0001143,0.0003953,4.936,10.17,82.02
366,0.0001146,0.0003926,4.31,8.207,79.2
367,0.0001181,0.000395,4.451,8.511,76.37
368,0.0001146,0.0003952,4.296,7.886,69.3
369,0.0001155,0.0003982,4.303,7.704,69.3
370,0.0001179,0.0003983,4.426,9.162,83.44
371,0.0001139,0.0003976,4.363,8.493,84.85
372,0.000116,0.0003992,4.373,8.804,79.2
373,0.0001152,0.0004018,4.557,8.868,83.44
374,0.0001159,0.0003979,4.54,8.533,77.78
375,0.0001138,0.0003949,4.236,7.451,72.12
376,0.0001186,0.0003987,3.748,6.769,70.71
377,0.0001168,0.0003992,4.48,8.855,79.2
378,0.000113,0.0003991,4.801,8.711,80.61
379,0.0001174,0.0004017,4.472,8.281,80.61
380,0.0001146,0.000401,4.536,9.058,83.44
381,0.0001167,0.0004007,3.928,7.378,72.12
382,0.0001134,0.0003991,4.151,7.921,83.44
383,0.0001128,0.0003972,4.091,7.774,84.85
384,0.0001179,0.0003946,4.388,8.059,80.61
385,0.0001171,0.000399,4.596,8.587,80.61
386,0.0001128,0.0003964,3.875,6.136,53.74
387,0.0001139,0.0003973,4.543,9.008,77.78
388,0.0001169,0.0004014,4.253,8.358,70.71
389,0.0001152,0.0004013,4.264,7.472,69.3
390,0.0001133,0.000399,4.472,8.952,82.02
391,0.0001168,0.0003972,3.932,7.826,82.02
392,0.0001109,0.0003951,4.49,8.577,82.02
393,0.0001123,0.000397,3.995,7.507,83.44
394,0.000111,0.0003981,4.151,8.128,77.78
395,0.0001165,0.0003981,4.784,9.714,83.44
396,0.0001167,0.0003964,4.395,8.56,83.44
397,0.000121,0.0003971,4.557,9.348,80.61
398,0.0001167,0.0004002,4.918,10,79.2
399,0.000116,0.0003998,4.183,8.239,83.44
400,0.0001159,0.0003969,4.331,8.71,79.2
401,0.0001161,0.0003909,4.211,7.377,73.54
402,0.0001111,0.0004,4.547,7.393,55.15
403,0.0001126,0.0003989,4.342,8.267,83.44
404,0.0001126,0.0003924,4.193,7.885,82.02
405,0.0001147,0.0003949,4.593,9.629,83.44
406,0.0001146,0.0003978,4.412,8.846,83.44
407,0.0001143,0.0003945,4.359,7.855,79.2
408,0.0001163,0.0003971,4.639,9.212,84.85
409,0.0001132,0.000395,4.363,8.985,79.2
410,0.0001131,0.0004014,4.236,7.969,73.54
411,0.0001162,0.0003952,3.62,5.249,52.33
412,0.0001128,0.0004015,4.67,9.476,80.61
413,0.0001169,0.0004044,5.066,10.23,77.78
414,0.0001146,0.0004008,3.981,7.505,84.85
415,0.0001117,0.0003959,4.391,8.765,84.85
416,0.0001129,0.0003965,4.412,9.515,79.2
417,0.0001183,0.0003981,4.345,7.835,72.12
418,0.000117,0.0003954,4.483,8.398,82.02
419,0.0001134,0.0004017,4.55,9.045,84.85
420,0.0001154,0.0003968,3.992,7.436,79.2
421,0.0001164,0.0003985,4.405,8.646,83.44
422,0.00011,0.0003994,4.207,7.895,84.85
423,0.0001105,0.0003939,4.373,8.377,83.44
424,0.0001168,0.0003946,4.603,9.2,80.61
425,0.0001178,0.0003995,4.472,8.39,82.02
426,0.0001155,0.0003966,4.55,8.857,84.85
427,0.0001178,0.0003961,4.207,8.078,70.71
428,0.0001142,0.0004006,3.878,7.471,80.61
429,0.0001146,0.0004014,4.296,8.093,80.61
430,0.0001162,0.0003975,4.455,9.28,83.44
431,0.0001174,0.0004021,4.642,9.089,74.95
432,0.0001149,0.0003993,4.589,9.763,83.44
433,0.0001139,0.0003953,4.055,7.871,72.12
434,0.0001179,0.0003992,4.444,8.535,83.44
435,0.0001177,0.0003965,4.451,8.196,83.44
436,0.0001161,0.0003959,4.419,8.948,86.27
437,0.0001159,0.0003983,5.013,9.881,77.78
438,0.0001187,0.0003966,5.335,10.97,82.02
439,0.0001165,0.000401,4.441,8.284,79.2
440,0.0001191,0.0003988,4.494,8.523,80.61
441,0.0001148,0.0003988,4.402,8.171,76.37
442,0.0001199,0.0004015,4.225,8.225,80.61
443,0.0001126,0.0003962,4.561,8.967,77.78
444,0.0001142,0.0003989,4.299,8.313,83.44
445,0.0001146,0.0003998,4.621,9.355,83.44
446,0.0001144,0.0003964,4.656,9.244,74.95
447,0.0001135,0.000401,4.458,8.611,77.78
448,0.0001114,0.0003971,4.373,9.123,79.2
449,0.0001119,0.000401,3.829,7.24,74.95
450,0.0001135,0.0004002,4.087,7.27,76.37
451,0.0001179,0.0003995,4.2,7.594,72.12
452,0.0001169,0.0003952,4.748,9.402,84.85
453,0.0001126,0.0003963,4.264,8.847,87.68
454,0.0001166,0.0003989,4.267,8.067,80.61
455,0.0001183,0.0003955,4.218,7.209,74.95
456,0.0001125,0.0003979,4.282,8.939,83.44
457,0.0001139,0.0003953,4.228,7.342,83.44
458,0.0001159,0.0003924,4.087,7.776,74.95
459,0.0001174,0.0003959,4.734,9.4,83.44
460,0.0001168,0.0004013,4.419,8.779,83.44
461,0.0001121,0.0004005,4.416,8.663,73.54
462,0.0001174,0.0004006,4.317,7.965,76.37
463,0.0001129,0.0004015,4.522,9.023,83.44
464,0.0001165,0.000398,4.317,8.319,77.78
465,0.0001162,0.0004014,4.745,9.876,83.44
466,0.0001171,0.0003966,4.405,8.83,83.44
467,0.0001148,0.0003982,4.522,8.262,79.2
468,0.0001149,0.0003942,4.847,9.807,79.2
469,0.0001156,0.0003898,4.137,8.257,83.44
470,0.0001171,0.0004034,4.522,8.426,77.78
471,0.0001119,0.0003988,4.193,7.636,73.54
472,0.0001147,0.0003945,4.221,8.342,82.02
473,0.0001151,0.0004058,4.306,8.089,76.37
474,0.0001147,0.0003963,4.416,8.342,70.71
475,0.0001125,0.0003975,3.939,7.46,83.44
476,0.0001165,0.0004048,4.614,9.685,83.44
477,0.0001154,0.0004006,4.692,8.79,73.54
478,0.0001167,0.0003942,4.416,8.516,83.44
479,0.0001152,0.0003999,4.501,7.924,60.81
480,0.0001174,0.0003924,4.069,8.482,83.44
481,0.0001135,0.0003914,4.423,8.771,84.85
482,0.0001165,0.000402,4.2,8.153,83.44
483,0.0001173,0.0003951,4.084,7.657,77.78
484,0.0001151,0.0004007,4.232,7.589,74.95
485,0.0001171,0.0003966,4.547,9.38,84.85
486,0.0001141,0.0003931,4.264,8.258,82.02
487,0.000115,0.0003929,4.14,8.708,82.02
488,0.000111,0.0003946,4.624,9.66,83.44
489,0.0001133,0.0003983,4.494,9.179,84.85
490,0.0001119,0.0003995,3.797,7.26,76.37
491,0.0001135,0.0004,4.805,9.86,83.44
492,0.0001138,0.0003992,4.437,8.854,84.85
493,0.0001145,0.0003949,4.518,9.693,76.37
494,0.0001136,0.0003965,4.335,8.078,83.44
495,0.0001169,0.0003957,3.924,6.282,50.91
496,0.0001152,0.0003973,3.801,5.88,73.54
497,0.0001179,0.0003966,4.48,8.664,79.2
498,0.0001154,0.0003992,4.847,9.037,74.95
499,0.0001128,0.0003976,4.296,8.651,74.95
500,0.0001119,0.0003982,4.023,8.041,83.44
501,0.0001145,0.0003991,4.391,9.336,82.02
502,0.0001148,0.0003991,4.239,7.559,80.61
503,0.0001143,0.0004016,4.338,8.032,67.88
504,0.0001137,0.0003995,4.861,9.486,73.54
505,0.0001127,0.0004017,4.593,8.663,84.85
506,0.000116,0.0004008,4.112,8.033,82.02
507,0.0001151,0.0003995,4.561,9,79.2
508,0.0001179,0.0003989,4.225,8.212,82.02
509,0.0001161,0.0003965,4.034,7.561,67.88
510,0.0001193,0.0004012,4.72,9.445,82.02
511,0.0001159,0.0003966,3.73,6.873,79.2
512,0.0001138,0.0003978,4.381,7.822,62.23
513,0.0001152,0.0004011,4.25,7.77,82.02
514,0.0001145,0.0003943,4.43,8.737,82.02
515,0.000117,0.0004003,4.515,8.58,84.85
516,0.0001131,0.0003962,4.045,7.428,80.61
517,0.0001147,0.0004012,4.639,8.973,84.85
518,0.0001121,0.0003978,4.253,8.093,82.02
519,0.0001159,0.0004019,4.61,9.361,83.44
520,0.0001152,0.0003992,4.186,8.022,82.02
521,0.0001166,0.0003973,4.345,7.678,82.02
522,0.0001142,0.0003995,4.96,10.19,83.44
523,0.0001143,0.0003964,4.533,9.069,82.02
524,0.0001184,0.0003986,4.78,9.659,84.85
525,0.0001146,0.0003968,4.536,8.562,82.02
526,0.0001176,0.0003976,4.49,9.522,77.78
527,0.0001173,0.0003984,4.483,8.71,83.44
528,0.0001132,0.0004022,4.476,8.899,77.78
529,0.0001158,0.0003997,4.373,8.368,82.02
530,0.000113,0.0003964,4.617,8.574,83.44
531,0.0001145,0.0003957,4.745,8.999,83.44
532,0.0001148,0.0004014,4.607,8.859,77.78
533,0.0001117,0.0003975,3.946,6.976,72.12
534,0.0001153,0.0003988,4.444,8.632,83.44
535,0.0001148,0.0003964,4.472,8.654,72.12
536,0.0001157,0.0003977,4.154,7.499,74.95
537,0.0001154,0.0003997,5.045,9.823,79.2
538,0.0001177,0.0003925,4.518,8.637,79.2
539,0.0001154,0.0004006,4.172,8.63,83.44
540,0.0001143,0.0004007,4.31,7.911,72.12
541,0.0001125,0.0003991,3.84,6.385,73.54
542,0.0001163,0.0003975,4.419,9.6,84.85
543,0.0001125,0.0004029,4.246,7.446,73.54
544,0.0001182,0.0003984,4.518,8.942,82.02
545,0.0001145,0.0003971,4.313,7.41,69.3
546,0.0001145,0.0004022,4.837,9.484,82.02
547,0.0001158,0.0003969,4.614,9.182,77.78
548,0.0001181,0.0003972,4.72,9.961,82.02
549,0.0001127,0.0003965,4.091,7.178,83.44
550,0.0001109,0.0003959,4.66,9.577,84.85
551,0.0001159,0.0003958,4.027,6.354,57.98
552,0.0001114,0.0004003,4.426,8.396,80.61
553,0.0001123,0.000397,4.363,8.068,83.44
554,0.0001153,0.0003931,4.472,8.716,83.44
555,0.0001182,0.0003972,4.267,8.233,79.2
556,0.0001122,0.0003995,4.586,9.278,86.27
557,0.0001137,0.000399,4.423,8.122,77.78
558,0.000113,0.0004001,4.282,8.095,70.71
559,0.0001173,0.0003968,4.656,8.548,80.61
560,0.0001143,0.0003915,4.522,9.449,80.61
561,0.000112,0.000399,4.561,10.06,83.44
562,0.0001173,0.0004009,4.175,7.645,69.3
563,0.0001183,0.0004007,4.274,8.372,77.78
564,0.0001147,0.0004017,4.458,8.957,82.02
565,0.0001141,0.0003999,4.041,6.04,55.15
566,0.0001136,0.0003972,4.402,8.881,77.78
567,0.0001153,0.0003972,4.564,9.173,83.44
568,0.0001158,0.0004003,4.773,10,79.2
569,0.0001149,0.0004038,4.865,9.782,83.44
570,0.0001171,0.0003949,4.144,7.365,82.02
571,0.0001164,0.0003958,4.2,8.452,83.44
572,0.0001171,0.000398,4.55,9.15,83.44
573,0.0001158,0.0004006,4.511,9.421,84.85
574,0.0001156,0.0004017,4.43,8.656,77.78
575,0.0001149,0.0004028,4.391,8.666,76.37
576,0.0001112,0.0004029,4.61,8.571,74.95
577,0.0001174,0.0003983,4.356,8.042,72.12
578,0.0001156,0.0003964,4.632,8.997,77.78
579,0.0001154,0.0003969,4.536,8.596,73.54
580,0.0001142,0.0003953,4.511,8.79,73.54
581,0.0001157,0.0003998,4.243,7.738,72.12
582,0.0001181,0.0003951,4.108,8.026,82.02
583,0.0001159,0.0004041,4.642,9.586,84.85
584,0.0001086,0.0004016,4.826,9.331,73.54
585,0.000114,0.0004003,4.487,9.004,82.02
586,0.0001134,0.0003982,4.822,9.325,84.85
587,0.0001154,0.0003969,4.193,7.633,83.44
588,0.0001155,0.0003947,5.024,10.13,83.44
589,0.0001169,0.0003989,4.663,9.155,83.44
590,0.0001141,0.000398,4.122,8.324,83.44
591,0.0001118,0.0004004,4.812,9.688,79.2
592,0.0001135,0.0004017,4.409,7.77,83.44
593,0.000114,0.0004067,4.462,8.546,82.02
594,0.0001154,0.0003991,4.013,6.402,57.98
595,0.0001203,0.0003946,4.398,8.023,82.02
596,0.0001151,0.0003978,4.366,7.136,60.81
597,0.0001168,0.0003991,4.2,7.458,79.2
598,0.000113,0.000397,4.236,8.031,82.02
599,0.0001156,0.0003971,3.716,6.022,83.44
600,0.0001156,0.0003979,4.48,8.935,77.78
601,0.0001159,0.0003996,4.738,9.5,83.44
602,0.0001164,0.0003959,4.366,9.175,79.2
603,0.0001175,0.000402,4.755,9.466,80.61
604,0.0001149,0.0003955,4.373,8.129,77.78
605,0.0001139,0.0003973,4.246,7.879,74.95
606,0.0001113,0.0003992,4.791,9.83,83.44
607,0.0001165,0.000398,4.706,9.008,83.44
608,0.0001159,0.0003977,4.448,8.503,74.95
609,0.0001183,0.0004013,4.43,8.798,79.2
610,0.0001174,0.0004012,4.349,7.611,60.81
611,0.0001196,0.0004004,4.165,7.938,77.78
612,0.0001118,0.0004019,4.041,7.49,67.88
613,0.0001132,0.0004006,4.43,9.136,82.02
614,0.0001182,0.0003972,4.518,9.563,83.44
615,0.0001127,0.0003974,4.352,8.693,77.78
616,0.0001147,0.0004034,4.49,8.817,83.44
617,0.0001161,0.0003917,4.444,9.136,83.44
618,0.0001138,0.0004001,5.243,11.39,83.44
619,0.0001168,0.0004014,4.299,8.273,77.78
620,0.0001148,0.0003951,4.416,9.03,83.44
621,0.0001199,0.0003967,4.434,9.083,83.44
622,0.000115,0.0003941,4.437,8.464,79.2
623,0.000117,0.0003987,4.2,8.105,83.44
624,0.0001137,0.0003954,3.949,7.331,84.85
625,0.0001121,0.0003983,4.688,9.28,82.02
626,0.0001156,0.0003983,4.419,8.865,83.44
627,0.000114,0.0003991,3.836,7.303,83.44
628,0.0001137,0.0003989,4.214,7.626,74.95
629,0.0001167,0.0003987,4.299,8.366,80.61
630,0.000115,0.0004005,4.313,8.65,77.78
631,0.0001122,0.0003987,4.073,7.676,83.44
632,0.0001146,0.0003965,4.317,8.031,79.2
633,0.0001152,0.0003992,4.119,6.532,60.81
634,0.0001163,0.0003979,5.013,9.996,83.44
635,0.0001155,0.0003986,4.094,7.771,77.78
636,0.000112,0.0003933,4.515,8.817,83.44
637,0.0001158,0.0003985,4.688,9.587,74.95
638,0.0001128,0.0003976,4.522,8.839,69.3
639,0.0001143,0.0003943,4.582,9.09,80.61
640,0.0001161,0.000393,3.815,6.618,80.61
641,0.0001129,0.0003899,3.999,7.834,84.85
642,0.0001178,0.0003958,3.836,6.589,63.64
643,0.0001135,0.0003988,4.964,10.23,82.02
644,0.0001153,0.0003993,4.405,8.729,77.78
645,0.0001136,0.0003968,4.678,8.457,70.71
646,0.0001141,0.0003996,3.864,6.452,60.81
647,0.0001161,0.0004003,4.186,7.911,83.44
648,0.000116,0.000401,3.783,6.317,74.95
649,0.0001146,0.000399,4.561,8.714,83.44
650,0.0001157,0.0004001,4.441,9.342,82.02
651,0.000114,0.0004061,4.918,9.473,83.44
652,0.0001164,0.0003936,3.939,7.28,79.2
653,0.0001178,0.0003997,4.381,8.392,77.78
654,0.0001159,0.000395,4.501,8.459,82.02
655,0.0001159,0.0003935,4.465,8.47,82.02
656,0.0001155,0.0004013,4.317,8.138,77.78
657,0.0001104,0.0004021,4.557,8.789,79.2
658,0.0001142,0.0003987,4.388,8.01,80.61
659,0.000115,0.0003985,4.313,7.988,74.95
660,0.0001116,0.0004046,4.497,8.946,82.02
661,0.000118,0.0003965,4.193,7.968,73.54
662,0.000116,0.000393,3.953,7.644,84.85
663,0.0001122,0.0004005,4.207,7.861,79.2
664,0.0001173,0.0003972,4.062,7.09,77.78
665,0.0001164,0.0003966,4.352,8.389,82.02
666,0.0001159,0.0003964,4.713,9.295,77.78
667,0.0001147,0.000396,4.419,8.338,83.44
668,0.0001147,0.0003978,4.441,8.576,72.12
669,0.0001164,0.0003988,4.695,9.41,82.02
670,0.000115,0.0004015,3.949,6.753,82.02
671,0.0001185,0.0003984,4.158,7.431,76.37
672,0.0001165,0.0004004,4.448,8.533,73.54
673,0.0001154,0.0003974,4.296,8.182,82.02
674,0.0001137,0.0003985,4.175,7.434,83.44
675,0.0001144,0.000396,4.25,8.185,77.78
676,0.0001146,0.0003933,5.035,10.2,84.85
677,0.0001199,0.0003935,3.861,7.007,66.47
678,0.0001122,0.0003939,4.239,8.486,83.44
679,0.0001124,0.0003973,4.419,8.734,77.78
680,0.0001157,0.0003973,4.006,7.176,72.12
681,0.0001162,0.0003997,4.299,7.639,82.02
682,0.0001117,0.0003956,3.85,5.798,52.33
683,0.0001124,0.0003985,3.935,6.388,74.95
684,0.0001164,0.0003973,4.861,9.515,74.95
685,0.000117,0.0004012,4.059,7.367,72.12
686,0.0001123,0.0003951,3.928,7.108,70.71
687,0.0001179,0.0003958,4.741,8.984,83.44
688,0.0001179,0.0004009,4.377,8.617,82.02
689,0.0001171,0.0004026,4.271,7.748,74.95
690,0.0001139,0.0003988,4.78,9.882,82.02
691,0.0001178,0.000398,4.391,7.93,69.3
692,0.0001186,0.0003974,4.476,8.72,79.2
693,0.0001117,0.0003998,4.324,8.479,73.54
694,0.0001155,0.0003919,3.649,5.949,66.47
695,0.0001125,0.0003957,4.974,9.9,79.2
696,0.0001167,0.0004001,4.61,8.111,67.88
697,0.0001145,0.0003935,4.476,8.605,73.54
698,0.0001169,0.0003964,3.921,7.687,80.61
699,0.0001178,0.0004051,4.221,7.104,73.54
700,0.0001139,0.0003951,4.243,7.958,77.78
701,0.0001171,0.0003966,4.105,7.834,83.44
702,0.0001141,0.0003934,4.243,8.183,80.61
703,0.0001161,0.0003975,4.232,8.55,83.44
704,0.000119,0.0004007,4.547,9.061,82.02
705,0.0001141,0.0003998,4.568,9.181,77.78
706,0.0001163,0.000401,4.147,8.252,80.61
707,0.0001147,0.0003968,4.285,8.225,76.37
708,0.0001128,0.000404,4.681,8.847,82.02
709,0.0001179,0.0003952,4.186,8.609,79.2
710,0.0001165,0.0003974,4.069,7.864,84.85
711,0.0001155,0.0003981,4.529,9.185,82.02
712,0.0001157,0.0003965,4.547,8.529,80.61
713,0.0001155,0.000401,4.448,9.035,83.44
714,0.000114,0.0004026,4.296,8.515,77.78
715,0.0001145,0.000401,4.886,9.904,83.44
716,0.0001136,0.0004007,4.515,8.534,80.61
717,0.0001146,0.0003985,4.405,8.137,83.44
718,0.0001148,0.0003956,4.356,7.735,74.95
719,0.0001146,0.000398,5.028,10.22,83.44
720,0.0001162,0.000394,4.391,8.509,74.95
721,0.0001157,0.0003975,4.685,8.935,82.02
722,0.0001116,0.0003987,4.416,8.88,83.44
723,0.0001164,0.0003951,4.14,7.426,77.78
724,0.0001193,0.000401,4.271,7.79,76.37
725,0.0001151,0.0004013,4.317,7.703,76.37
726,0.0001169,0.0003951,3.882,7.384,84.85
727,0.0001119,0.0003986,4.847,9.72,82.02
728,0.0001163,0.0003972,4.798,9.432,84.85
729,0.0001163,0.000396,4.052,7.894,80.61
730,0.0001138,0.0003932,4.112,7.285,83.44
731,0.000116,0.0003987,4.43,9.362,82.02
732,0.000116,0.0003984,4.186,7.809,77.78
733,0.0001129,0.0004035,4.356,7.689,73.54
734,0.0001167,0.0003979,4.084,8.321,82.02
735,0.0001152,0.000398,3.953,6.673,52.33
736,0.0001133,0.0003964,4.073,7.525,76.37
737,0.0001118,0.0004029,4.359,7.65,65.05
738,0.0001114,0.0003962,4.338,8.242,80.61
739,0.0001182,0.0003962,4.533,9.668,83.44
740,0.0001143,0.0003929,4.08,7.423,77.78
741,0.0001154,0.0003951,4.409,8.207,83.44
742,0.0001151,0.0003988,4.533,9.337,84.85
743,0.0001176,0.0003994,4.635,8.992,83.44
744,0.0001156,0.0003955,4.617,9.329,80.61
745,0.0001162,0.0004028,4.48,8.325,70.71
746,0.0001179,0.0004004,4.274,8.412,74.95
747,0.0001115,0.0003936,3.935,7.749,83.44
748,0.0001187,0.0003938,4.419,8.431,83.44
749,0.0001162,0.0003959,4.628,9.078,77.78
750,0.0001162,0.0004063,4.501,9.032,82.02
751,0.0001121,0.0003952,4.547,9.333,77.78
752,0.0001139,0.0004019,4.48,8.457,79.2
753,0.0001177,0.0003994,4.801,9.31,83.44
754,0.0001157,0.000397,4.398,8.254,82.02
755,0.0001158,0.0004002,4.377,9.084,80.61
756,0.0001157,0.000405,4.257,7.411,73.54
757,0.0001163,0.0003956,4.373,8.789,79.2
758,0.0001152,0.0003988,4.458,8.374,84.85
759,0.0001159,0.0003957,4.267,8.601,82.02
760,0.0001171,0.0003956,4.504,7.954,63.64
761,0.0001171,0.0003986,4.72,9.475,83.44
762,0.0001158,0.0003997,4.49,9.094,83.44
763,0.0001159,0.0003996,4.296,8.156,83.44
764,0.0001127,0.0004017,4.504,8.58,83.44
765,0.000115,0.0003956,4.214,8.184,82.02
766,0.0001139,0.0003985,4.023,6.892,84.85
767,0.0001166,0.0003989,4.373,8.966,83.44
768,0.0001082,0.0004013,4.398,8.701,84.85
769,0.0001151,0.0004047,4.412,7.877,69.3
770,0.0001138,0.0003911,4.25,7.854,84.85
771,0.0001163,0.0003964,4.727,9.5,84.85
772,0.0001149,0.0004011,4.179,8.081,82.02
773,0.0001199,0.0003958,4.522,9.336,83.44
774,0.0001176,0.000398,4.441,8.461,83.44
775,0.0001143,0.0004019,4.402,8.626,73.54
776,0.0001154,0.0003975,4.589,8.617,76.37
777,0.000116,0.0003967,4.278,7.609,83.44
778,0.0001191,0.0003951,4.26,8.362,82.02
779,0.0001173,0.0003946,4.444,9.732,79.2
780,0.0001133,0.0003982,4.175,7.877,77.78
781,0.0001163,0.000402,3.811,6.105,59.4
782,0.0001154,0.0003959,4.515,8.153,70.71
783,0.0001175,0.0004036,4.557,9.217,83.44
784,0.0001143,0.0003989,3.758,7.126,83.44
785,0.000115,0.0003994,4.543,9.125,82.02
786,0.0001202,0.0003956,3.9,7.49,73.54
787,0.0001145,0.0004039,4.423,8.342,72.12
788,0.0001157,0.0003968,4.282,8.059,80.61
789,0.0001142,0.0003987,5.038,9.563,77.78
790,0.0001145,0.0003968,4.126,8.826,83.44
791,0.0001156,0.0003966,4.412,8.785,83.44
792,0.0001137,0.0003921,4.154,8.124,82.02
793,0.0001182,0.0003993,4.091,7.751,82.02
794,0.0001149,0.0003962,4.186,8.49,73.54
795,0.0001128,0.0003965,4.154,7.74,83.44
796,0.0001179,0.0003967,4.423,8.458,83.44
797,0.0001149,0.0003973,4.794,9.333,83.44
798,0.0001112,0.0003969,4.133,7.353,72.12
799,0.0001151,0.0004042,4.426,8.642,67.88
800,0.000115,0.0003984,4.165,7.161,70.71
801,0.0001139,0.0003968,4.49,8.147,73.54
802,0.0001197,0.000394,4.448,8.344,82.02
803,0.0001129,0.0003994,4.808,9.343,82.02
804,0.0001135,0.0003995,5.017,10.05,84.85
805,0.0001179,0.0003955,4.525,9.229,74.95
806,0.0001159,0.0003996,4.582,10.01,83.44
807,0.0001138,0.0003953,4.183,8.655,80.61
808,0.0001134,0.0003973,4.013,7.018,67.88
809,0.000114,0.0003962,4.37,8.834,83.44
810,0.0001156,0.0003975,4.451,8.457,83.44
811,0.0001131,0.000399,4.663,9.113,76.37
812,0.0001123,0.0003968,4.663,9.166,83.44
813,0.0001146,0.0004009,4.982,9.44,80.61
814,0.0001152,0.0003925,4.808,9.068,79.2
815,0.0001137,0.0003982,4.168,8.415,82.02
816,0.0001156,0.0003958,4.19,8.28,83.44
817,0.000114,0.0003982,4.419,8.833,82.02
818,0.0001177,0.0004014,4.603,9.582,82.02
819,0.0001132,0.0003968,4.285,8.21,83.44
820,0.0001119,0.0004014,4.112,7.176,76.37
821,0.0001118,0.0003952,4.529,8.329,74.95
822,0.0001143,0.0003974,4.359,8.157,79.2
823,0.0001146,0.0004001,4.204,7.165,59.4
824,0.0001137,0.0003948,4.363,8.274,74.95
825,0.0001144,0.0003991,4.119,7.504,83.44
826,0.0001152,0.0003994,4.278,7.542,72.12
827,0.0001184,0.0003955,4.709,9.619,77.78
828,0.0001165,0.0003963,4.533,9.486,83.44
829,0.0001186,0.000397,4.621,8.602,76.37
830,0.0001141,0.0003987,4.487,8.845,83.44
831,0.0001171,0.0003996,4.027,7.677,83.44
832,0.0001161,0.0003989,4.246,8.529,70.71
833,0.0001162,0.0003991,4.264,8.113,82.02
834,0.0001166,0.0004026,4.402,7.922,77.78
835,0.000114,0.0003933,4.738,9.662,83.44
836,0.0001147,0.0004001,4.607,9.806,83.44
837,0.0001153,0.0003992,3.946,7.62,83.44
838,0.0001141,0.0003983,4.087,7.549,83.44
839,0.0001188,0.0004,4.794,9.169,82.02
840,0.0001112,0.0004029,4.151,7.074,69.3
841,0.0001137,0.0004015,4.055,7.454,77.78
842,0.0001163,0.0003958,4.921,10.23,77.78
843,0.0001126,0.0003967,4.596,9.403,84.85
844,0.0001142,0.0003982,4.656,9.883,83.44
845,0.0001128,0.0003994,4.366,8.267,80.61
846,0.0001099,0.0003932,4.168,8.143,83.44
847,0.0001106,0.0004,4.727,8.408,70.71
848,0.0001153,0.000398,4.027,7.299,67.88
849,0.0001142,0.0003958,4.395,8.385,76.37
850,0.0001147,0.0004004,4.356,8.532,76.37
851,0.0001153,0.0003951,4.536,9.034,79.2
852,0.0001141,0.0004005,4.497,8.835,83.44
853,0.0001172,0.0003965,4.274,8.717,82.02
854,0.0001126,0.0004027,4.568,9.398,74.95
855,0.0001141,0.0004044,4.911,9.559,83.44
856,0.0001146,0.0004009,4.716,8.847,77.78
857,0.0001131,0.0004052,5.197,10.21,77.78
858,0.0001131,0.0003992,3.942,7.224,84.85
859,0.0001139,0.0003985,3.896,7.295,82.02
860,0.0001171,0.0003965,4.395,8.114,77.78
861,0.0001156,0.0004008,4.646,8.904,79.2
862,0.0001157,0.0003975,3.924,7.025,80.61
863,0.0001133,0.000401,4.49,9.002,79.2
864,0.0001118,0.0003977,4.221,7.825,74.95
865,0.0001155,0.0004007,3.999,7.372,72.12
866,0.0001147,0.0003973,4.554,9.359,83.44
867,0.000112,0.0003995,4.207,8.434,83.44
868,0.0001171,0.0003997,4.363,7.946,77.78
869,0.0001139,0.0004022,4.034,7.255,77.78
870,0.000112,0.0004058,4.883,9.233,73.54
871,0.0001211,0.0004,4.214,8.263,84.85
872,0.0001142,0.0003971,4.381,9.086,82.02
873,0.000116,0.0003951,4.437,8.5,83.44
874,0.0001156,0.0003997,5.218,10.07,84.85
875,0.0001148,0.0003976,4.628,8.963,83.44
876,0.0001159,0.0003923,4.031,7.781,73.54
877,0.0001134,0.0004008,4.557,8.742,82.02
878,0.0001163,0.0003957,4.207,8.638,77.78
879,0.0001138,0.0003998,4.593,9.355,79.2
880,0.0001114,0.0003981,4.239,8.18,77.78
881,0.0001151,0.0003976,4.094,8.042,83.44
882,0.0001121,0.0003935,4.458,8.987,83.44
883,0.0001149,0.0003953,4.405,8.465,82.02
884,0.000115,0.0004005,4.236,8.028,83.44
885,0.0001171,0.0003958,3.723,6.532,83.44
886,0.000115,0.000396,4.66,9.508,83.44
887,0.0001152,0.0003957,4.126,7.772,83.44
888,0.000116,0.0003957,3.85,6.275,69.3
889,0.0001147,0.0004005,3.84,7.128,73.54
890,0.0001158,0.0003961,4.335,8.142,82.02
891,0.0001139,0.0003972,4.228,7.977,82.02
892,0.000113,0.0003996,3.864,5.621,50.91
893,0.0001158,0.0003945,4.547,8.172,74.95
894,0.0001147,0.0003984,4.324,8.141,83.44
895,0.0001163,0.0003981,3.797,6.991,83.44
896,0.0001135,0.0003942,4.183,7.457,76.37
897,0.0001131,0.0003954,4.289,7.956,80.61
898,0.0001133,0.0003941,4.359,7.891,80.61
899,0.0001146,0.0004019,4.487,8.743,83.44
900,0.0001173,0.0003951,4.667,9.653,84.85
901,0.0001171,0.0003959,3.974,7.689,79.2
902,0.0001137,0.000399,4.483,8.168,74.95
903,0.0001125,0.0003989,4.342,8.407,70.71
904,0.0001175,0.0003993,4.451,9.006,84.85
905,0.0001137,0.0003982,4.274,8.257,77.78
906,0.0001183,0.0004005,4.359,9.116,82.02
907,0.0001149,0.0003937,4.72,9.894,83.44
908,0.0001164,0.0003952,4.306,7.874,72.12
909,0.0001154,0.0003958,3.963,6.526,60.81
910,0.0001161,0.0004013,4.112,7.813,83.44
911,0.0001148,0.000396,4.239,7.742,82.02
912,0.0001183,0.0004021,4.416,8.999,80.61
913,0.0001178,0.0003935,4.571,8.908,82.02
914,0.000113,0.0003975,4.232,8.216,79.2
915,0.0001149,0.0003973,4.2,7.466,83.44
916,0.0001136,0.0003929,4.342,8.3,83.44
917,0.0001161,0.0003975,4.186,8.374,82.02
918,0.0001118,0.0003938,4.013,7.833,82.02
919,0.0001158,0.0003982,4.734,9.815,82.02
920,0.0001121,0.0003988,4.37,8.956,82.02
921,0.000117,0.0004013,4.727,9.948,83.44
922,0.0001153,0.0003975,4.349,8.139,83.44
923,0.0001168,0.0003996,4.713,9,83.44
924,0.0001153,0.0003918,4.236,9.207,82.02
925,0.000117,0.0003957,4.419,9.051,83.44
926,0.0001116,0.0003959,4.769,9.695,83.44
927,0.0001128,0.0003997,4.292,7.844,76.37
928,0.000115,0.0003958,4.419,8.498,69.3
929,0.0001169,0.0004025,4.43,8.209,74.95
930,0.0001161,0.0004013,4.603,9.031,83.44
931,0.0001152,0.0003963,3.656,7.02,82.02
932,0.0001166,0.0004026,4.221,7.816,83.44
933,0.0001144,0.000399,4.25,7.08,76.37
934,0.0001146,0.000395,4.31,8.783,84.85
935,0.0001162,0.0003976,4.66,9.572,82.02
936,0.0001159,0.0003955,3.977,7.692,82.02
937,0.000115,0.0003934,4.607,9.911,83.44
938,0.0001114,0.0003984,4.023,8.228,84.85
939,0.0001155,0.0003922,3.974,7.084,82.02
940,0.0001154,0.0003953,4.727,9.622,80.61
941,0.0001144,0.0003973,4.388,9.048,80.61
942,0.0001175,0.0003964,3.935,8.151,80.61
943,0.0001144,0.0003969,4.165,7.828,74.95
944,0.0001137,0.0003987,4.183,7.803,83.44
945,0.0001148,0.0003959,4.179,7.862,82.02
946,0.000118,0.000396,4.469,9.065,83.44
947,0.0001175,0.0004037,4.395,8.298,77.78
948,0.0001157,0.0003948,4.289,8.76,83.44
949,0.00012,0.0003955,4.858,10.32,84.85
950,0.000116,0.0004012,4.72,9.891,86.27
951,0.0001149,0.0004007,4.43,9.254,80.61
952,0.0001107,0.0003991,4.674,8.723,77.78
953,0.0001164,0.0003916,4.246,8.277,83.44
954,0.0001141,0.0004018,3.942,6.619,72.12
955,0.0001151,0.0004008,4.292,8.661,83.44
956,0.0001135,0.0003989,4.381,8.805,83.44
957,0.0001113,0.0004008,4.501,9.515,77.78
958,0.0001127,0.0003944,4.073,8.357,83.44
959,0.0001171,0.000398,4.89,9.004,74.95
960,0.0001155,0.0003941,4.812,10.06,83.44
961,0.0001138,0.0003967,4.455,8.511,83.44
962,0.0001143,0.0003964,4.059,7.721,83.44
963,0.0001165,0.0004001,4.034,7.539,76.37
964,0.0001164,0.000401,4.568,8.905,82.02
965,0.0001125,0.0003965,4.61,9.22,82.02
966,0.000116,0.0003993,4.511,8.614,83.44
967,0.0001122,0.0003983,4.144,7.875,82.02
968,0.0001152,0.0003951,4.593,9.321,82.02
969,0.000112,0.000398,4.617,9.373,82.02
970,0.0001117,0.000398,4.299,8.14,76.37
971,0.0001146,0.0004022,4.547,8.837,80.61
972,0.0001188,0.0003971,4.027,8.106,82.02
973,0.0001131,0.0004012,4.801,9.631,79.2
974,0.0001164,0.0004013,4.989,10.24,84.85
975,0.0001144,0.0003976,4.458,8.347,77.78
976,0.000117,0.0003971,4.458,8.582,80.61
977,0.0001123,0.0004001,4.228,7.639,70.71
978,0.0001165,0.0003984,4.292,7.458,76.37
979,0.0001165,0.000399,4.349,7.831,76.37
980,0.0001165,0.0003991,4.352,8.167,83.44
981,0.0001182,0.0003956,4.639,9.897,80.61
982,0.000117,0.0003994,4.225,7.78,84.85
983,0.0001156,0.0003984,4.709,8.592,84.85
984,0.0001161,0.0003962,4.243,8.625,83.44
985,0.0001124,0.0003988,4.653,8.524,72.12
986,0.000118,0.0003993,4.685,9.284,74.95
987,0.0001111,0.0003972,4.398,8.402,83.44
988,0.000116,0.0004032,4.257,8.105,79.2
989,0.0001127,0.000397,4.225,8.159,77.78
990,0.0001143,0.0003994,4.674,9.609,79.2
991,0.0001131,0.0003978,4.522,9,82.02
992,0.0001144,0.0003959,4.221,7.668,82.02
993,0.000114,0.0003966,4.048,7.423,76.37
994,0.000118,0.0003986,4.165,7.494,82.02
995,0.0001143,0.0004014,4.144,8.395,84.85
996,0.0001118,0.0003952,4.416,8.613,80.61
997,0.0001125,0.0003982,4.854,9.38,83.44
998,0.0001164,0.0003958,4.497,8.621,77.78
999,0.000116,0.0003989,4.137,7.861,79.2
1000,0.000116,0.0003962,4.426,8.366,76.37
1001,0.0001163,0.0003944,4.769,9.628,84.85
1002,0.0001165,0.0003971,4.402,8.064,83.44
1003,0.0001142,0.000399,4.257,7.723,73.54
1004,0.0001156,0.0003974,4.472,9.084,74.95
1005,0.0001146,0.0003985,4.172,8.449,83.44
1006,0.0001128,0.0003992,4.069,6.961,59.4
1007,0.0001136,0.000395,3.992,7.302,82.02
1008,0.0001124,0.0003972,4.423,8.795,80.61
1009,0.0001179,0.0004016,4.533,8.919,73.54
1010,0.0001111,0.000397,4.642,9.543,80.61
1011,0.0001147,0.0003926,4.366,8.368,79.2
1012,0.0001138,0.000396,4.455,8.869,82.02
1013,0.0001171,0.0003987,4.483,9.782,83.44
1014,0.0001145,0.0003995,4.296,9.409,74.95
1015,0.0001135,0.0003938,4.678,8.676,72.12
1016,0.000116,0.0003971,4.487,9.167,83.44
1017,0.0001166,0.0003967,4.621,8.974,83.44
1018,0.0001178,0.0004012,4.557,8.745,72.12
1019,0.000116,0.0004003,3.97,6.971,82.02
1020,0.0001159,0.0003976,4.529,8.345,69.3
1021,0.0001142,0.000394,4.278,8.104,82.02
1022,0.0001126,0.0004032,4.087,7.186,66.47
1023,0.000115,0.0003956,4.271,8.152,82.02
1024,0.0001143,0.0004006,4.175,8.022,83.44
1025,0.0001132,0.0004002,4.568,8.559,83.44
1026,0.000114,0.000401,4.819,8.965,77.78
1027,0.0001144,0.0004046,4.448,8.358,84.85
1028,0.0001169,0.0003962,3.833,6.765,66.47
1029,0.000115,0.0003999,4.48,8.591,80.61
1030,0.000114,0.0004034,4.172,7.122,70.71
1031,0.0001166,0.000399,4.257,7.699,74.95
1032,0.0001172,0.0003975,4.543,8.359,77.78
1033,0.0001179,0.0003999,4.554,8.866,77.78
1034,0.000115,0.0004002,4.278,7.9,79.2
1035,0.0001173,0.0003985,4.593,9.078,84.85
1036,0.0001133,0.0003993,4.777,9.227,82.02
1037,0.0001135,0.0004014,4.434,9.022,73.54
1038,0.0001139,0.0004013,4.607,8.211,83.44
1039,0.0001155,0.0004036,4.218,8.033,76.37
1040,0.0001126,0.0003983,4.363,8.35,82.02
1041,0.0001124,0.0003973,4.016,7.827,82.02
1042,0.0001151,0.0003958,3.97,7.71,83.44
1043,0.0001149,0.0003983,4.091,7.425,62.23
1044,0.000116,0.0003997,4.586,9.278,84.85
1045,0.000115,0.000393,4.161,8.282,77.78
1046,0.0001117,0.0003932,4.193,7.117,73.54
1047,0.0001168,0.0003987,3.981,6.987,83.44
1048,0.0001167,0.000397,4.126,7.012,63.64
1049,0.0001134,0.0003983,4.448,8.508,84.85
1050,0.0001145,0.000406,4.494,8.345,77.78
1051,0.0001181,0.0004007,4.257,8.799,73.54
1052,0.000114,0.0003974,4.614,9.331,80.61
1053,0.0001166,0.0003968,4.274,8.499,82.02
1054,0.0001142,0.0003994,4.282,7.834,74.95
1055,0.0001177,0.0003971,4.292,7.863,69.3
1056,0.0001186,0.0004013,4.515,8.538,73.54
1057,0.0001123,0.0003936,4.253,7.712,82.02
1058,0.0001143,0.0003969,3.719,6.133,77.78
1059,0.0001137,0.0003974,4.582,8.788,84.85
1060,0.0001137,0.0003935,5.271,10.99,80.61
1061,0.0001158,0.0003926,4.214,7.268,72.12
1062,0.0001155,0.0003964,4.253,7.253,62.23
1063,0.0001116,0.0003966,4.699,10.3,82.02
1064,0.0001129,0.0003961,4.084,7.717,84.85
1065,0.000116,0.0003997,4.557,9.552,83.44
1066,0.0001157,0.0003964,3.985,8.288,82.02
1067,0.0001167,0.0003999,4.603,9.819,80.61
1068,0.0001162,0.0004003,4.494,8.551,76.37
1069,0.0001155,0.0003904,3.886,6.861,73.54
1070,0.0001139,0.0004018,4.214,8.387,82.02
1071,0.0001175,0.0004019,4.472,8.448,82.02
1072,0.0001153,0.0003957,4.755,8.331,74.95
1073,0.0001141,0.0004022,4.437,8.83,77.78
1074,0.0001137,0.0003955,4.338,8.36,74.95
1075,0.0001124,0.0003918,4.087,7.7,83.44
1076,0.0001151,0.0003988,4.709,9.384,83.44
1077,0.0001183,0.0003989,4.243,7.841,83.44
1078,0.0001154,0.0003998,4.041,7.628,77.78
1079,0.0001185,0.0003946,3.854,7.1,79.2
1080,0.0001149,0.0003983,4.31,8.649,82.02
1081,0.0001121,0.0003935,4.571,9.459,83.44
1082,0.0001138,0.0003939,4.211,7.859,76.37
1083,0.0001182,0.0003973,4.197,7.504,74.95
1084,0.0001165,0.0004,4.798,9.456,82.02
1085,0.0001136,0.0003949,4.172,8.134,80.61
1086,0.0001152,0.0003967,4.709,9.354,83.44
1087,0.0001177,0.0003975,3.985,6.645,69.3
1088,0.0001142,0.0003941,4.274,7.914,83.44
1089,0.0001176,0.0003965,4.2,7.964,83.44
1090,0.0001129,0.0003952,4.179,7.256,70.71
1091,0.0001117,0.0003986,4.094,7.609,66.47
1092,0.0001139,0.0004012,4.246,8.113,82.02
1093,0.0001148,0.0003921,4.179,7.462,80.61
1094,0.0001142,0.0003962,4.992,10.14,83.44
1095,0.0001141,0.0004013,4.179,7.561,82.02
1096,0.0001161,0.0003998,4.55,8.465,80.61
1097,0.0001159,0.0003971,4.253,7.694,83.44
1098,0.000111,0.0003955,4.43,9.15,84.85
1099,0.0001181,0.0003961,4.699,8.99,76.37
1100,0.0001129,0.000402,4.282,7.388,83.44
1101,0.0001154,0.0004013,4.377,7.696,77.78
1102,0.0001152,0.0003965,4.154,7.634,83.44
1103,0.0001149,0.0003958,4.274,7.753,67.88
1104,0.000116,0.000397,4.172,8.218,82.02
1105,0.0001157,0.0003944,4.048,7.449,82.02
1106,0.0001121,0.0003927,4.575,9.032,76.37
1107,0.0001176,0.0003948,4.646,9.455,82.02
1108,0.0001138,0.0004004,4.596,8.977,77.78
1109,0.0001166,0.0004015,4.557,9.031,83.44
1110,0.0001139,0.0003966,4.331,8.678,83.44
1111,0.0001127,0.0003994,3.734,5.087,52.33
1112,0.0001139,0.0003944,4.423,8.968,77.78
1113,0.0001145,0.0003969,4.685,9.632,82.02
1114,0.0001132,0.0003955,4.381,8.598,83.44
1115,0.0001166,0.0004028,4.062,7.447,69.3
1116,0.0001153,0.0003972,5.017,10.38,77.78
1117,0.000116,0.0003985,3.818,6.258,67.88
1118,0.0001174,0.0003969,4.144,7.656,83.44
1119,0.0001159,0.0003977,4.292,8.646,83.44
1120,0.0001154,0.0004005,3.889,6.329,66.47
1121,0.0001168,0.0003957,4.409,9.299,84.85
1122,0.0001159,0.0003992,4.801,9.927,79.2
1123,0.0001141,0.0003972,4.48,8.853,79.2
1124,0.0001177,0.0003984,4.833,9.219,83.44
1125,0.0001161,0.0003965,4.402,8.772,73.54
1126,0.0001167,0.0004057,4.745,9.127,76.37
1127,0.0001136,0.0004005,4.349,8.35,80.61
1128,0.0001169,0.0004024,4.755,9.141,76.37
1129,0.0001177,0.0004018,4.483,9.093,83.44
1130,0.0001172,0.0003992,4.561,9.499,83.44
1131,0.0001167,0.0003964,4.228,8.319,82.02
1132,0.0001122,0.0003985,4.133,7.548,82.02
1133,0.0001146,0.0003984,4.522,9.318,80.61
1134,0.0001173,0.0003984,4.617,8.48,73.54
1135,0.0001118,0.0003985,4.041,8.001,84.85
1136,0.0001158,0.000397,4.412,7.93,82.02
1137,0.0001157,0.0003957,3.437,5.68,67.88
1138,0.0001171,0.000394,4.469,8.843,83.44
1139,0.0001112,0.0003982,3.974,8.199,83.44
1140,0.0001135,0.0004034,4.564,9.268,83.44
1141,0.0001149,0.0003978,4.419,8.215,83.44
1142,0.0001123,0.0003995,3.504,5.216,52.33
1143,0.0001129,0.0003974,4.43,8.364,79.2
1144,0.0001193,0.0003974,4.48,8.799,77.78
1145,0.000115,0.0004006,4.147,8.562,83.44
1146,0.000117,0.0003959,4.667,9.7,83.44
1147,0.0001147,0.0004025,4.359,8.24,83.44
1148,0.0001118,0.0003982,4.678,8.608,79.2
1149,0.000114,0.0003998,4.31,8.329,83.44
1150,0.0001139,0.0003969,4.363,8.739,82.02
1151,0.0001115,0.0003948,4.441,8.044,83.44
1152,0.0001148,0.0003998,4.243,7.871,83.44
1153,0.0001134,0.0003986,4.692,8.859,77.78
1154,0.0001143,0.0004006,5.049,9.921,84.85
1155,0.0001178,0.0003985,4.731,10.23,86.27
1156,0.0001181,0.0003958,4.716,9.423,79.2
1157,0.000116,0.0003977,4.345,8.772,76.37
1158,0.0001135,0.0003979,3.882,7.046,77.78
1159,0.0001147,0.0003963,4.883,9.959,83.44
1160,0.0001182,0.0004011,4.313,8.439,76.37
1161,0.0001141,0.0004009,4.221,8.364,82.02
1162,0.000116,0.0003926,4.278,7.992,70.71
1163,0.0001161,0.0003926,4.437,9.139,83.44
1164,0.0001143,0.0004012,4.483,9.137,79.2
1165,0.0001161,0.0003949,4.84,9.581,73.54
1166,0.0001153,0.000393,4.274,8.409,82.02
1167,0.0001146,0.0004025,4.168,7.42,67.88
1168,0.0001162,0.0003975,4.016,7.627,70.71
1169,0.000113,0.0004011,4.352,8.465,77.78
1170,0.0001173,0.0003985,4.695,9.757,83.44
1171,0.0001199,0.000401,4.264,8.247,83.44
1172,0.0001154,0.0003947,4.564,9.035,82.02
1173,0.0001135,0.0004037,4.398,8.93,83.44
1174,0.0001176,0.0003935,4.681,9.334,77.78
1175,0.0001171,0.0004,4.172,7.135,70.71
1176,0.000109,0.0003977,4.451,8.241,80.61
1177,0.0001145,0.0003978,4.596,8.667,79.2
1178,0.0001171,0.0003998,4.462,8.239,74.95
1179,0.0001179,0.0003987,4.239,8.31,80.61
1180,0.0001138,0.0003971,4.363,8.35,77.78
1181,0.0001168,0.0003998,4.907,9.937,82.02
1182,0.0001165,0.0003904,4.416,8.287,70.71
1183,0.0001156,0.0003941,4.352,8.494,83.44
1184,0.0001148,0.0003983,4.596,9.195,83.44
1185,0.0001136,0.0004012,4.197,8.021,82.02
1186,0.0001112,0.0004036,4.663,9.133,77.78
1187,0.0001125,0.0003954,4.218,7.267,63.64
1188,0.0001124,0.000393,4.536,9.407,83.44
1189,0.0001145,0.0003959,4.352,8.246,74.95
1190,0.0001169,0.0004005,4.352,7.749,72.12
1191,0.0001179,0.0004055,4.289,8.088,76.37
1192,0.0001163,0.0003992,4.373,8.121,77.78
1193,0.0001168,0.0003953,4.54,10.1,80.61
1194,0.0001114,0.0003981,4.186,7.674,70.71
1195,0.0001174,0.0003956,4.055,7.434,74.95
1196,0.0001145,0.0004035,4.377,8.124,79.2
1197,0.0001148,0.0003935,3.903,7.649,83.44
1198,0.000115,0.0004002,4.352,7.24,66.47
1199,0.0001147,0.000397,4.511,8.772,76.37
1200,0.0001153,0.0003975,4.197,8.035,83.44
1201,0.0001154,0.0003986,4.013,7.406,80.61
1202,0.0001144,0.0003984,4.582,9.711,82.02
1203,0.0001133,0.000395,4.391,9.411,84.85
1204,0.0001163,0.0004024,4.122,7.567,74.95
1205,0.0001137,0.0004018,3.917,6.631,76.37
1206,0.0001148,0.0003991,4.469,8.299,83.44
1207,0.0001132,0.0003985,4.31,7.984,76.37
1208,0.0001161,0.0004023,4.239,7.163,60.81
1209,0.0001169,0.000404,4.031,6.815,77.78
1210,0.0001173,0.0003986,4.854,9.379,84.85
1211,0.0001185,0.0004025,4.872,9.239,83.44
1212,0.0001132,0.0003986,4.801,8.932,83.44
1213,0.0001164,0.0003987,3.985,6.508,73.54
1214,0.0001164,0.0003996,4.214,8.466,82.02
1215,0.0001175,0.0003982,4.282,8.476,76.37
1216,0.000118,0.0003987,4.324,8.513,83.44
1217,0.0001156,0.0003986,3.719,6.71,66.47
1218,0.0001179,0.0003989,4.299,8.464,83.44
1219,0.0001118,0.0004011,4.805,9.597,83.44
1220,0.0001166,0.0003989,4.366,8.983,77.78
1221,0.0001137,0.000394,4.381,8.752,82.02
1222,0.0001155,0.0004005,4.794,10.03,82.02
1223,0.0001153,0.0003971,4.426,9.112,83.44
1224,0.0001156,0.0004024,4.154,7.717,76.37
1225,0.0001149,0.0003947,4.706,9.293,83.44
1226,0.0001145,0.0003946,4.179,8.562,82.02
1227,0.0001186,0.0003962,4.409,8.289,76.37
1228,0.000113,0.0003916,4.197,8.605,83.44
1229,0.0001165,0.0004004,4.094,7.645,80.61
1230,0.0001142,0.0003973,4.158,8.179,82.02
1231,0.0001157,0.000396,4.61,9.074,73.54
1232,0.0001157,0.0003997,4.37,8.847,77.78
1233,0.0001122,0.0004,4.72,9.927,83.44
1234,0.0001151,0.0003967,4.423,8.481,79.2
1235,0.0001111,0.0003982,4.335,8.562,82.02
1236,0.0001112,0.0003975,4.557,8.672,79.2
1237,0.0001106,0.0004003,5.098,10.15,72.12
1238,0.0001183,0.0003997,4.656,8.693,77.78
1239,0.0001162,0.0004021,4.016,8.142,82.02
1240,0.0001146,0.0003999,4.805,9.72,80.61
1241,0.0001161,0.0003999,4.759,9.668,82.02
1242,0.000114,0.0004002,4.575,8.518,74.95
1243,0.0001153,0.0003927,4.723,9.94,83.44
1244,0.0001165,0.0003969,4.041,7.392,80.61
1245,0.0001175,0.0004016,4.381,8.866,83.44
1246,0.0001183,0.0003984,4.624,9.101,79.2
1247,0.0001163,0.0003987,4.607,8.681,73.54
1248,0.0001161,0.0003953,4.734,9.124,83.44
1249,0.0001136,0.0003958,4.144,8.133,87.68
1250,0.0001127,0.0003891,3.91,7.405,83.44
1251,0.0001166,0.0003995,4.617,9.171,82.02
1252,0.0001119,0.0004004,4.593,8.292,72.12
1253,0.000118,0.0004021,4.426,7.345,74.95
1254,0.0001123,0.0003961,4.561,9.249,79.2
1255,0.0001131,0.0003942,4.716,9.5,74.95
1256,0.000113,0.0004042,4.582,8.562,77.78
1257,0.0001182,0.0003998,3.893,6.493,82.02
1258,0.0001127,0.0003992,4.232,9.296,82.02
1259,0.0001133,0.0004022,4.593,8.339,82.02
1260,0.0001161,0.0003967,4.204,7.824,70.71
1261,0.0001181,0.0003942,4.19,8.014,82.02
1262,0.0001131,0.000397,4.55,8.998,76.37
1263,0.0001144,0.0003997,4.649,9.71,84.85
1264,0.0001184,0.0003997,4.26,7.42,79.2
1265,0.0001174,0.0004005,4.069,7.29,76.37
1266,0.0001121,0.0003949,4.458,8.282,82.02
1267,0.0001131,0.0003974,5.077,10.21,83.44
1268,0.0001151,0.0003973,4.851,9.591,76.37
1269,0.0001144,0.0004004,3.981,7.345,79.2
1270,0.0001199,0.0004054,4.204,7.732,79.2
1271,0.0001196,0.0003997,4.055,7.689,70.71
1272,0.0001126,0.000399,4.161,7.799,83.44
1273,0.0001127,0.0003983,3.924,7.799,72.12
1274,0.0001176,0.0003996,4.151,7.493,66.47
1275,0.0001153,0.0003992,4.646,9.169,73.54
1276,0.000117,0.0004008,4.384,7.512,62.23
1277,0.0001175,0.0003978,4.193,7.562,77.78
1278,0.0001147,0.000396,4.084,7.318,83.44
1279,0.0001148,0.0003988,4.547,8.527,67.88
1280,0.0001169,0.0003957,3.882,7.493,79.2
1281,0.0001097,0.0003937,4.32,7.539,77.78
1282,0.0001131,0.0004004,4.639,9.298,82.02
1283,0.0001134,0.0003973,4.518,9.075,84.85
1284,0.0001134,0.0003973,4.434,8.691,83.44
1285,0.0001134,0.0004035,4.377,7.525,74.95
1286,0.0001121,0.0003991,4.306,8.771,83.44
1287,0.0001178,0.0004,4.356,8.882,77.78
1288,0.0001116,0.0003973,4.706,10.01,80.61
1289,0.0001144,0.0003971,4.197,7.291,76.37
1290,0.0001178,0.0003957,4.366,8.544,82.02
1291,0.0001136,0.0003961,3.949,7.909,83.44
1292,0.000111,0.0004033,4.402,8.187,84.85
1293,0.0001127,0.0003996,4.038,7.665,77.78
1294,0.0001165,0.000398,4.861,10.16,80.61
1295,0.0001109,0.0004008,4.055,6.961,66.47
1296,0.0001145,0.0004074,4.398,7.798,79.2
1297,0.0001149,0.0003971,4.363,8.41,83.44
1298,0.0001147,0.0003978,4.586,9.061,82.02
1299,0.0001138,0.0003987,4.444,8.352,77.78
1300,0.0001125,0.0003973,4.006,8.297,83.44
1301,0.0001125,0.0003993,5.024,11.12,84.85
1302,0.0001139,0.0004002,4.529,9.341,83.44
1303,0.0001119,0.0003981,3.924,6.698,79.2
1304,0.0001153,0.0003994,4.313,8.291,73.54
1305,0.000116,0.0003973,4.607,9.306,76.37
1306,0.0001155,0.0003985,4.434,9.112,84.85
1307,0.0001142,0.0003975,4.547,8.201,82.02
1308,0.0001148,0.0003946,4.158,7.859,83.44
1309,0.0001169,0.000402,4.373,8.255,83.44
1310,0.000119,0.0004039,4.525,8.763,70.71
1311,0.0001137,0.0003974,4.451,9.001,83.44
1312,0.0001126,0.0003917,4.366,8.471,79.2
1313,0.0001199,0.0003956,4.352,8.606,79.2
1314,0.0001162,0.0003952,4.603,9.469,82.02
1315,0.0001148,0.000397,4.716,9.366,83.44
1316,0.0001156,0.000403,4.356,8.544,74.95
1317,0.0001135,0.0003928,4.26,8.385,79.2
1318,0.000119,0.000399,4.419,8.373,84.85
1319,0.0001147,0.0003993,4.37,8.514,69.3
1320,0.0001115,0.0004008,4.932,9.69,77.78
1321,0.000114,0.0003988,4.593,9.618,80.61
1322,0.000114,0.0003994,4.755,9.277,72.12
1323,0.0001169,0.0004013,4.49,8.921,76.37
1324,0.000115,0.0004035,4.561,9.141,79.2
1325,0.0001148,0.0003995,4.536,8.839,77.78
1326,0.000115,0.0003996,4.607,9.098,72.12
1327,0.0001151,0.0003975,4.384,8.747,79.2
1328,0.0001153,0.0003937,4.289,9.137,83.44
1329,0.0001159,0.0003999,4.593,9.338,77.78
1330,0.0001146,0.0004021,4.186,7.532,83.44
1331,0.0001117,0.0003934,4.561,9.312,77.78
1332,0.0001148,0.0003975,3.896,6.672,77.78
1333,0.0001158,0.0003958,4.338,9.175,82.02
1334,0.0001172,0.0003954,4.059,7.25,83.44
1335,0.0001149,0.0003965,4.617,9.025,80.61
1336,0.0001159,0.0003971,4.274,7.601,83.44
1337,0.0001156,0.0003946,4.787,9.785,76.37
1338,0.0001119,0.0003996,4.681,8.604,70.71
1339,0.0001159,0.0004002,4.193,8.289,82.02
1340,0.0001143,0.0003972,4.67,9.235,82.02
1341,0.0001168,0.0003975,4.416,8.711,83.44
1342,0.000117,0.000399,4.621,8.929,77.78
1343,0.0001131,0.0003938,4.168,8.181,76.37
1344,0.0001134,0.0003935,4.381,7.846,79.2
1345,0.0001121,0.0003944,4.239,8.082,83.44
1346,0.0001122,0.0003954,4.094,7.644,76.37
1347,0.0001137,0.0003992,4.564,9.495,80.61
1348,0.0001169,0.0003907,4.243,8.302,83.44
1349,0.0001165,0.0003943,4.292,7.588,73.54
1350,0.0001148,0.0003945,4.327,8.412,76.37
1351,0.0001177,0.0004005,4.232,7.531,74.95
1352,0.0001157,0.0003973,4.338,8.095,76.37
1353,0.000116,0.0004,4.66,8.499,67.88
1354,0.0001151,0.0003972,4.31,8.296,82.02
1355,0.0001174,0.0003961,4.342,8.93,74.95
1356,0.0001186,0.0003948,4.483,8.75,80.61
1357,0.0001139,0.000401,4.381,8.982,84.85
1358,0.0001156,0.0004014,4.183,7.582,74.95
1359,0.0001163,0.000394,3.907,7.803,83.44
1360,0.0001159,0.0003996,4.582,8.152,69.3
1361,0.0001163,0.0003933,4.356,8.191,82.02
1362,0.0001175,0.0003945,4.013,6.95,79.2
1363,0.0001153,0.0003912,4.377,8.535,80.61
1364,0.0001168,0.000399,4.342,8.229,80.61
1365,0.0001172,0.0003926,4.451,8.813,83.44
1366,0.000112,0.0003944,4.331,8.744,83.44
1367,0.0001119,0.0003948,4.211,7.165,77.78
1368,0.0001146,0.0003932,3.985,7.091,77.78
1369,0.0001142,0.0004004,4.582,8.514,77.78
1370,0.0001165,0.0003976,4.617,9.331,76.37
1371,0.0001165,0.0003996,4.441,9,83.44
1372,0.0001156,0.0004019,4.232,8.019,83.44
1373,0.0001135,0.0003995,4.656,9.029,76.37
1374,0.0001164,0.0003963,4.455,8.273,80.61
1375,0.0001167,0.0003936,4.723,9.425,80.61
1376,0.0001143,0.0003965,4.405,8.753,76.37
1377,0.0001155,0.0003961,4.373,8.247,74.95
1378,0.0001165,0.0003984,4.395,8.163,74.95
1379,0.0001142,0.0004063,4.946,10.08,82.02
1380,0.000112,0.0003882,4.19,8.149,76.37
1381,0.0001167,0.0004009,4.444,8.424,72.12
1382,0.0001166,0.000398,4.267,8.168,84.85
1383,0.0001144,0.0004041,4.589,9.127,80.61
1384,0.000115,0.0003968,4.356,8.197,83.44
1385,0.0001142,0.0003985,4.122,8.105,82.02
1386,0.0001175,0.0003986,4.211,7.722,70.71
1387,0.0001156,0.0003946,4.345,8.748,83.44
1388,0.0001107,0.0004008,4.278,8.346,80.61
1389,0.0001146,0.0003962,4.14,7.765,67.88
1390,0.0001135,0.0003964,4.731,9.148,77.78
1391,0.0001125,0.0004019,4.812,9.302,84.85
1392,0.0001116,0.0003955,4.628,9.484,83.44
1393,0.0001142,0.0003927,3.977,7.632,82.02
1394,0.0001165,0.0004028,4.091,7.496,72.12
1395,0.0001153,0.0003989,4.603,9.712,79.2
1396,0.0001159,0.0004031,4.151,6.975,66.47
1397,0.0001171,0.0003982,4.306,7.683,69.3
1398,0.0001179,0.000396,4.193,8.284,83.44
1399,0.0001183,0.0003973,4.593,9.149,83.44
1400,0.0001179,0.0004008,3.928,7.068,70.71
1401,0.0001158,0.0003943,4.257,8.257,82.02
1402,0.0001171,0.0003969,4.656,9.738,83.44
1403,0.0001138,0.0003985,4.444,8.683,77.78
1404,0.0001163,0.0003967,3.73,6.112,79.2
1405,0.0001134,0.000395,4.448,8.882,82.02
1406,0.0001156,0.000398,4.165,7.473,83.44
1407,0.000119,0.0004056,4.847,9.712,83.44
1408,0.0001116,0.0004019,4.253,8.457,79.2
1409,0.0001153,0.0003991,3.988,7.49,73.54
1410,0.0001132,0.0003985,4.536,9.116,80.61
1411,0.0001153,0.0003944,4.112,8.23,83.44
1412,0.0001134,0.0003995,4.183,6.979,76.37
1413,0.0001164,0.0003984,4.338,9.045,79.2
1414,0.0001159,0.0004028,4.289,8.612,79.2
1415,0.0001119,0.0004013,4.564,7.973,77.78
1416,0.0001138,0.0004025,3.871,6.778,72.12
1417,0.0001145,0.0003973,4.313,8.667,84.85
1418,0.0001148,0.000397,4.426,9.149,84.85
1419,0.0001165,0.0004009,4.642,7.819,57.98
1420,0.0001173,0.0003988,5.317,10.9,83.44
1421,0.0001168,0.0003966,4.755,9.75,77.78
1422,0.000114,0.0003987,4.653,9.032,73.54
1423,0.0001146,0.0003913,4.356,7.897,70.71
1424,0.0001161,0.0003934,4.508,8.553,82.02
1425,0.0001123,0.0003969,4.674,9.057,77.78
1426,0.0001152,0.0003985,4.55,8.578,77.78
1427,0.0001116,0.0003956,4.009,7.078,80.61
1428,0.0001146,0.0003988,4.271,8.521,82.02
1429,0.0001133,0.0003974,4.232,8.219,84.85
1430,0.0001174,0.0004005,4.306,8.585,79.2
1431,0.0001143,0.0003926,4.547,8.92,83.44
1432,0.0001162,0.0003995,4.013,7.848,74.95
1433,0.0001155,0.0003997,4.179,7.808,82.02
1434,0.0001143,0.0003965,4.582,9.176,82.02
1435,0.0001177,0.0004011,4.628,8.525,83.44
1436,0.0001123,0.0004001,4.299,8.07,82.02
1437,0.0001117,0.0003965,4.041,8.402,83.44
1438,0.0001102,0.0003925,4.533,9,82.02
1439,0.0001128,0.000401,4.313,8.102,70.71
1440,0.0001135,0.0004,4.183,7.874,82.02
1441,0.0001184,0.0004029,4.554,9.247,83.44
1442,0.000112,0.000395,3.801,7.87,83.44
1443,0.0001119,0.0003939,4.31,9.217,82.02
1444,0.0001142,0.0003981,4.267,7.727,79.2
1445,0.0001158,0.0004016,4.511,8.627,73.54
1446,0.0001166,0.0003928,3.843,6.947,84.85
1447,0.0001119,0.0003997,4.501,9.183,83.44
1448,0.0001152,0.0004016,4.695,9.413,84.85
1449,0.0001169,0.0004015,4.632,8.989,76.37
1450,0.0001134,0.0003994,4.773,9.694,77.78
1451,0.0001151,0.000404,4.624,8.685,79.2
1452,0.0001124,0.0003997,4.388,9.043,83.44
1453,0.0001151,0.0003989,3.847,6.786,83.44
1454,0.0001149,0.0003994,4.175,7.727,72.12
1455,0.0001123,0.0004019,4.165,6.995,53.74
1456,0.000114,0.0004018,4.356,8.505,79.2
1457,0.0001123,0.0003963,4.727,9.16,74.95
1458,0.0001146,0.0003969,3.893,6.647,82.02
1459,0.0001158,0.0003938,4.543,8.637,84.85
1460,0.0001188,0.0003998,4.861,9.546,82.02
1461,0.0001144,0.0003992,4.487,8.779,72.12
1462,0.0001122,0.0003999,4.529,8.634,77.78
1463,0.0001153,0.0003969,4.172,8.121,73.54
1464,0.0001129,0.0003966,4.667,9.638,76.37
1465,0.0001173,0.0003933,4.221,8.811,80.61
1466,0.0001157,0.0003975,4.568,8.538,82.02
1467,0.0001143,0.0003979,4.197,7.123,63.64
1468,0.0001135,0.0003959,4.32,9.074,82.02
1469,0.0001136,0.0003978,4.426,8.719,76.37
1470,0.000115,0.0003976,4.826,9.076,76.37
1471,0.0001166,0.0004009,4.045,7.876,72.12
1472,0.0001138,0.0003974,4.133,8.018,84.85
1473,0.0001108,0.0003972,4.147,7.278,77.78
1474,0.0001178,0.0003981,4.405,8.816,83.44
1475,0.000115,0.000399,4.232,8.583,84.85
1476,0.000118,0.0003973,4.112,8.297,82.02
1477,0.0001133,0.0003991,4.045,6.875,76.37
1478,0.0001145,0.0004007,4.253,7.575,80.61
1479,0.0001148,0.0003941,4.656,9.128,82.02
1480,0.0001148,0.0004034,4.596,8.877,76.37
1481,0.0001139,0.0003963,4.589,8.681,79.2
1482,0.0001132,0.0004018,4.582,9.387,82.02
1483,0.0001145,0.000398,4.373,8.293,80.61
1484,0.0001164,0.0003979,4.589,9.077,83.44
1485,0.0001159,0.0004001,4.819,9.985,83.44
1486,0.0001149,0.0003989,3.79,6.407,74.95
1487,0.0001124,0.0003973,4.183,8.385,80.61
1488,0.0001161,0.0003986,4.352,8.422,84.85
1489,0.0001113,0.0003979,4.349,7.363,57.98
1490,0.0001132,0.0003961,4.366,8.336,76.37
1491,0.0001173,0.0003976,4.034,7.059,83.44
1492,0.0001141,0.0003984,4.543,9.029,83.44
1493,0.0001189,0.0003973,4.179,7.907,82.02
1494,0.0001134,0.0003987,4.084,6.878,65.05
1495,0.0001128,0.0003985,4.253,8.047,73.54
1496,0.0001143,0.000396,4.292,7.836,65.05
1497,0.0001153,0.0003993,4.465,8.288,83.44
1498,0.0001125,0.0003971,4.688,9.258,83.44
1499,0.0001173,0.0004003,4.119,7.794,76.37
1500,0.0001158,0.0003924,4.19,7.282,74.95
1501,0.0001154,0.0004025,3.903,6.764,76.37
1502,0.0001109,0.0003986,4.038,7.537,83.44
1503,0.0001103,0.000397,4.342,8.652,76.37
1504,0.0001178,0.0003964,4.533,8.964,84.85
1505,0.0001149,0.0004002,4.243,8.578,77.78
1506,0.0001137,0.000395,4.876,9.847,82.02
1507,0.000112,0.0003961,4.2,8.249,83.44
1508,0.0001158,0.0003959,4.098,7.678,80.61
1509,0.000117,0.0004036,4.819,9.31,79.2
1510,0.0001137,0.000395,4.073,7.795,82.02
1511,0.0001146,0.0003971,4.214,8.552,80.61
1512,0.000118,0.0003908,3.949,7.467,82.02
1513,0.0001142,0.0004038,4.278,7.82,73.54
1514,0.0001194,0.0004011,4.183,8.292,77.78
1515,0.0001154,0.0003979,3.924,6.334,46.67
1516,0.0001135,0.0004003,4.218,7.668,80.61
1517,0.0001167,0.0004006,4.366,8.592,82.02
1518,0.0001128,0.0003974,3.836,6.475,73.54
1519,0.0001151,0.0004021,4.593,8.865,73.54
1520,0.0001156,0.0003992,4.465,8.614,74.95
1521,0.0001161,0.000399,3.663,5.76,62.23
1522,0.0001142,0.0003975,4.554,8.534,67.88
1523,0.0001165,0.0003982,4.854,9.701,80.61
1524,0.0001134,0.0003981,4.504,9.408,77.78
1525,0.0001135,0.0003998,4.359,9.127,84.85
1526,0.0001162,0.0003969,4.19,8.439,83.44
1527,0.000115,0.0004021,4.356,8.361,84.85
1528,0.0001151,0.0004017,4.483,8.773,74.95
1529,0.0001133,0.0004067,4.745,8.721,83.44
1530,0.0001107,0.0003979,4.653,9.894,80.61
1531,0.0001182,0.0003967,4.706,9.441,83.44
1532,0.0001148,0.0003999,4.133,8.025,73.54
1533,0.0001169,0.0003928,5.045,10.77,83.44
1534,0.000113,0.0003971,4.667,9.779,83.44
1535,0.0001117,0.000394,4.709,9.518,79.2
1536,0.0001147,0.0003978,4.798,9.803,79.2
1537,0.0001161,0.0003993,4.352,8.5,82.02
1538,0.0001156,0.0004009,4.571,9.437,72.12
1539,0.0001132,0.0004016,4.511,8.563,69.3
1540,0.0001155,0.000402,4.25,8.621,83.44
1541,0.000114,0.0003993,4.635,9.449,74.95
1542,0.0001142,0.0003973,4.179,8.207,76.37
1543,0.0001139,0.0003998,4.395,8.334,77.78
1544,0.0001135,0.000403,4.381,8.243,77.78
1545,0.0001182,0.0003944,4.904,9.845,83.44
1546,0.0001141,0.0003982,3.988,7.722,77.78
1547,0.0001161,0.0003993,4.289,7.54,66.47
1548,0.0001186,0.0003973,4.076,6.622,62.23
1549,0.000115,0.0003955,4.335,7.973,74.95
1550,0.0001121,0.0003942,4.508,9.69,76.37
1551,0.000115,0.0003968,4.377,8.203,83.44
1552,0.0001157,0.0003977,4.564,8.204,77.78
1553,0.0001126,0.0003989,4.009,7.408,82.02
1554,0.0001189,0.0003996,3.677,6.336,76.37
1555,0.0001154,0.000397,4.794,9.414,82.02
1556,0.0001117,0.0003961,4.356,8.146,82.02
1557,0.0001166,0.0003961,4.2,8.039,80.61
1558,0.0001167,0.0004005,4.794,9.37,79.2
1559,0.0001113,0.0003979,4.218,8.321,79.2
1560,0.0001133,0.000396,4.667,9.424,79.2
1561,0.0001171,0.0003992,4.345,8.754,83.44
1562,0.0001154,0.0004002,4.632,9.441,82.02
1563,0.000114,0.0003945,4.628,8.916,80.61
1564,0.0001166,0.0004007,4.391,8.371,83.44
1565,0.0001139,0.0003956,3.557,6.102,80.61
1566,0.0001151,0.0003958,4.678,9.339,84.85
1567,0.0001111,0.0003964,4.366,8.913,82.02
1568,0.0001168,0.0003959,4.034,8.436,84.85
1569,0.0001187,0.0003997,4.533,8.919,84.85
1570,0.0001132,0.0004043,4.564,9.121,76.37
1571,0.0001127,0.0003974,4.274,8.221,74.95
1572,0.0001135,0.0003957,4.122,8.152,76.37
1573,0.0001127,0.0003981,4.041,7.036,70.71
1574,0.0001159,0.0004013,4.239,7.915,79.2
1575,0.0001128,0.0003948,4.876,9.517,74.95
1576,0.0001123,0.0003987,4.197,7.731,83.44
1577,0.0001151,0.0003918,4.589,9.575,83.44
1578,0.0001144,0.0003949,4.373,8.975,83.44
1579,0.0001169,0.0004032,4.232,7.862,73.54
1580,0.0001153,0.000401,4.589,9.036,84.85
1581,0.0001189,0.000399,3.949,7.478,76.37
1582,0.0001181,0.000396,4.158,7.863,82.02
1583,0.0001158,0.0003948,4.628,9.479,84.85
1584,0.0001142,0.000397,4.331,7.858,82.02
1585,0.0001167,0.0003958,3.741,6.012,76.37
1586,0.0001176,0.0004016,4.306,8.245,84.85
1587,0.0001139,0.000396,4.621,9.107,84.85
1588,0.0001139,0.0004075,4.43,8.202,77.78
1589,0.0001139,0.0004,4.582,9.026,80.61
1590,0.0001171,0.0003985,4.377,8.098,82.02
1591,0.0001146,0.0003956,4.755,9.5,82.02
1592,0.0001175,0.000401,4.674,9.332,84.85
1593,0.0001149,0.0003976,3.977,7.545,79.2
1594,0.0001142,0.0004012,4.228,8.349,77.78
1595,0.0001109,0.0003978,4.706,9.218,80.61
1596,0.0001136,0.0003969,4.54,8.78,80.61
1597,0.0001152,0.0003933,4.504,8.949,82.02
1598,0.0001173,0.0004033,4.289,8.587,74.95
1599,0.0001104,0.0003968,4.218,8.587,80.61
1600,0.0001146,0.0003922,4.278,8.765,84.85
1601,0.0001141,0.0003976,4.183,7.545,72.12
1602,0.000111,0.0003946,4.391,9.003,77.78
1603,0.0001108,0.0003958,4.158,7.514,72.12
1604,0.0001165,0.0003946,4.748,9.157,77.78
1605,0.0001164,0.0004012,4.419,8.136,83.44
1606,0.0001141,0.0004017,4.419,8.259,70.71
1607,0.0001131,0.0003963,4.165,7.284,84.85
1608,0.0001172,0.000391,4.197,8.257,82.02
1609,0.0001123,0.0003977,4.416,9.399,84.85
1610,0.0001174,0.0004009,4.101,7.808,84.85
1611,0.000115,0.0003943,4.013,7.428,72.12
1612,0.0001186,0.0003976,4.101,7.327,83.44
1613,0.0001112,0.0003948,4.331,8.94,80.61
1614,0.0001152,0.0003994,4.957,9.964,77.78
1615,0.0001185,0.0003986,4.19,7.997,67.88
1616,0.0001148,0.0003982,4.54,8.656,77.78
1617,0.0001142,0.0003962,3.465,5.609,83.44
1618,0.000115,0.000396,4.741,9.399,77.78
1619,0.0001147,0.0004063,4.423,8.409,82.02
1620,0.0001169,0.0003991,4.395,8.758,83.44
1621,0.000113,0.0003994,4.08,7.287,76.37
1622,0.0001176,0.000396,4.062,6.884,82.02
1623,0.0001154,0.0003923,4.426,9.044,84.85
1624,0.0001179,0.0003977,3.988,7.136,70.71
1625,0.0001152,0.0003982,4.426,9.043,80.61
1626,0.0001109,0.0003985,4.483,8.321,82.02
1627,0.0001124,0.0004003,4.586,8.826,79.2
1628,0.0001164,0.0003956,4.441,8.262,66.47
1629,0.0001133,0.0004025,4.639,9.185,83.44
1630,0.0001118,0.0003991,4.306,8.593,80.61
1631,0.000116,0.0004004,4.264,7.75,82.02
1632,0.0001145,0.0003954,4.133,7.495,84.85
1633,0.0001156,0.0004019,4.338,8.43,83.44
1634,0.0001122,0.0003997,4.384,8.243,83.44
1635,0.0001128,0.000392,4.306,8.376,83.44
1636,0.0001136,0.0003982,4.501,9.168,84.85
1637,0.0001143,0.0003961,4.211,8.279,83.44
1638,0.0001142,0.000401,4.352,8.214,74.95
1639,0.000113,0.0003958,3.808,6.301,82.02
1640,0.0001198,0.000398,4.656,9.141,76.37
1641,0.0001176,0.0003985,4.564,8.144,73.54
1642,0.0001171,0.0004032,4.685,9.18,82.02
1643,0.0001148,0.0004015,4.119,7.188,76.37
1644,0.0001188,0.000398,4.639,8.387,80.61
1645,0.000114,0.0003991,4.444,8.49,83.44
1646,0.0001154,0.0003976,4.119,7.509,69.3
1647,0.0001143,0.0003939,4.412,8.763,83.44
1648,0.0001108,0.0004015,4.893,10.53,83.44
1649,0.0001169,0.0003968,4.706,8.912,77.78
1650,0.0001174,0.000398,4.405,9.495,82.02
1651,0.0001141,0.0004016,4.579,9.742,83.44
1652,0.0001153,0.0003942,4.377,8.601,83.44
1653,0.0001154,0.0003976,4.324,8.102,79.2
1654,0.0001169,0.0003984,4.458,9.025,83.44
1655,0.0001167,0.000404,4.434,9.038,79.2
1656,0.0001151,0.000402,4.607,9.059,74.95
1657,0.0001174,0.0003933,4.183,7.432,74.95
1658,0.0001143,0.0003949,3.833,6.558,82.02
1659,0.000115,0.0004,4.501,9.139,80.61
1660,0.0001157,0.0003966,3.924,7.905,79.2
1661,0.0001151,0.0004006,5.024,10.16,83.44
1662,0.0001195,0.0003949,4.271,8.583,83.44
1663,0.0001169,0.0003962,4.25,7.376,80.61
1664,0.0001144,0.0003988,4.769,9.219,83.44
1665,0.0001173,0.0003971,4.586,8.624,82.02
1666,0.0001154,0.0003966,4.628,8.721,79.2
1667,0.0001143,0.0003973,4.289,8.315,72.12
1668,0.0001138,0.0003989,4.101,6.751,65.05
1669,0.0001174,0.0003984,4.377,8.065,76.37
1670,0.0001189,0.0004005,4.137,7.321,69.3
1671,0.0001148,0.0004,4.31,7.078,63.64
1672,0.0001157,0.0003999,3.783,5.671,60.81
1673,0.0001193,0.0004022,4.147,7.489,66.47
1674,0.0001163,0.0004003,4.635,9.341,77.78
1675,0.0001125,0.0003956,4.193,8.261,76.37
1676,0.0001133,0.0003956,4.19,7.764,82.02
1677,0.0001129,0.0004004,4.603,8.542,83.44
1678,0.000116,0.0003987,4.091,8.029,82.02
1679,0.0001132,0.0003975,4.451,8.307,82.02
1680,0.0001136,0.0003962,4.306,8.368,67.88
1681,0.000113,0.0004014,4.635,8.954,84.85
1682,0.0001159,0.0003966,4.61,9.079,82.02
1683,0.0001133,0.0003982,4.501,8.585,77.78
1684,0.0001142,0.0003997,4.695,9.223,76.37
1685,0.0001167,0.000397,4.359,8.764,87.68
1686,0.0001162,0.0004004,4.108,7.857,74.95
1687,0.0001133,0.0003995,5.077,10.35,84.85
1688,0.0001145,0.0003992,4.777,9.424,83.44
1689,0.0001126,0.0004009,4.055,7.094,79.2
1690,0.0001142,0.0003936,4.271,8.047,83.44
1691,0.0001139,0.000401,4.08,7.352,66.47
1692,0.0001086,0.0004014,4.54,8.828,80.61
1693,0.0001142,0.0004004,4.066,8.31,82.02
1694,0.0001163,0.0003949,4.359,8.309,82.02
1695,0.0001137,0.000393,4.264,8.516,83.44
1696,0.0001158,0.0003937,4.483,9.011,83.44
1697,0.0001173,0.0003942,3.91,6.271,63.64
1698,0.000115,0.0003962,4.416,8.966,79.2
1699,0.0001149,0.0003916,3.776,5.898,65.05
1700,0.000114,0.0003906,4.133,7.196,80.61
1701,0.0001148,0.0003941,4.112,7.757,82.02
1702,0.0001165,0.0003986,4.381,7.85,83.44
1703,0.0001153,0.0003971,4.702,9.261,79.2
1704,0.0001114,0.0004006,4.738,9.442,74.95
1705,0.0001163,0.0003965,4.26,8.186,83.44
1706,0.0001186,0.0003975,4.296,7.825,79.2
1707,0.0001143,0.0003983,4.274,8.589,82.02
1708,0.0001156,0.0003941,4.137,6.896,59.4
1709,0.0001129,0.0003985,4.02,7.636,79.2
1710,0.0001175,0.0003996,4.437,7.131,69.3
1711,0.0001197,0.0003988,4.936,9.545,77.78
1712,0.0001123,0.0003969,4.338,8.29,84.85
1713,0.0001157,0.0004024,4.706,9.233,83.44
1714,0.0001155,0.0003997,4.112,7.489,70.71
1715,0.000115,0.0004041,4.709,9.039,83.44
1716,0.0001159,0.0004024,4.844,9.792,82.02
1717,0.0001183,0.0003961,4.858,9.81,73.54
1718,0.0001168,0.000393,4.144,7.316,74.95
1719,0.0001144,0.0004005,4.402,8.05,77.78
1720,0.0001133,0.0003998,4.151,7.449,72.12
1721,0.0001113,0.0003955,4.137,7.315,72.12
1722,0.0001195,0.0003951,3.956,7.308,83.44
1723,0.0001148,0.0003957,4.575,9.166,84.85
1724,0.0001151,0.000397,4.451,8.169,80.61
1725,0.0001143,0.000397,4.391,8.324,72.12
1726,0.0001143,0.0004019,4.119,7.441,80.61
1727,0.0001128,0.0003947,4.168,7.317,82.02
1728,0.0001138,0.0003975,4.472,8.335,77.78
1729,0.0001176,0.0004026,4.706,8.885,72.12
1730,0.0001174,0.0003983,4.267,8.719,83.44
1731,0.0001179,0.0003964,3.985,8.109,82.02
1732,0.0001154,0.0003985,4.67,9.148,82.02
1733,0.0001122,0.0004016,4.6,9.668,84.85
1734,0.0001197,0.0003993,4.172,8.198,79.2
1735,0.0001146,0.0003946,4.313,8.247,80.61
1736,0.0001162,0.0004019,4.023,6.878,62.23
1737,0.0001168,0.0003964,4.122,8.265,76.37
1738,0.0001124,0.0003993,4.133,7.472,82.02
1739,0.0001182,0.0004004,4.207,8.661,76.37
1740,0.0001172,0.000399,4.706,9.096,82.02
1741,0.0001145,0.0003956,3.702,6.542,84.85
1742,0.000114,0.0004028,4.19,7.072,72.12
1743,0.0001158,0.0003963,4.278,7.641,76.37
1744,0.000111,0.0003992,4.487,8.829,83.44
1745,0.0001144,0.0003957,4.476,8.746,82.02
1746,0.0001167,0.0003971,4.462,7.745,56.57
1747,0.0001148,0.0003991,4.197,8.629,77.78
1748,0.0001123,0.0003934,4.536,9.05,73.54
1749,0.0001108,0.0003919,4.388,8.534,72.12
1750,0.0001109,0.0003945,4.285,7.845,73.54
1751,0.0001179,0.0003974,4.628,9.25,74.95
1752,0.0001208,0.0004019,4.366,8.002,77.78
1753,0.0001137,0.0004013,4.25,7.969,79.2
1754,0.0001163,0.0003955,4.621,8.405,79.2
1755,0.000115,0.0003976,4.214,8.635,73.54
1756,0.0001164,0.0003985,4.108,8.136,79.2
1757,0.0001158,0.0003989,4.13,7.775,82.02
1758,0.0001168,0.0003985,4.515,8.897,74.95
1759,0.0001136,0.000397,4.957,9.848,80.61
1760,0.0001127,0.0003965,4.228,9.42,84.85
1761,0.0001159,0.0003945,4.296,7.865,65.05
1762,0.0001135,0.0003969,3.953,6.583,73.54
1763,0.0001146,0.0003992,4.777,10.27,83.44
1764,0.0001173,0.0003974,4.331,8.706,83.44
1765,0.0001141,0.0003926,4.476,8.611,83.44
1766,0.0001145,0.0004007,4.027,7.6,74.95
1767,0.0001151,0.0003956,4.55,9.315,80.61
1768,0.0001143,0.0003967,4.126,7.792,82.02
1769,0.0001119,0.0003976,4.833,9.431,83.44
1770,0.0001159,0.0003966,4.214,8.426,82.02
1771,0.0001119,0.0003952,4.009,7.95,83.44
1772,0.0001148,0.0004011,4.045,7.701,79.2
1773,0.0001173,0.0003996,4.914,10.28,83.44
1774,0.0001143,0.0003981,4.48,8.543,83.44
1775,0.0001123,0.0003985,4.023,7.165,82.02
1776,0.0001176,0.0003991,4.518,9.202,84.85
1777,0.0001166,0.000399,4.32,7.927,82.02
1778,0.0001147,0.0003958,4.119,7.574,66.47
1779,0.0001127,0.0003988,4.465,8.735,82.02
1780,0.000114,0.0004036,4.745,9.213,83.44
1781,0.0001176,0.0003979,4.586,8.987,80.61
1782,0.0001133,0.0004009,3.928,7.352,76.37
1783,0.000114,0.0003963,4.398,8.272,80.61
1784,0.0001156,0.0003988,4.37,8.146,74.95
1785,0.0001139,0.0003989,4.84,9.702,83.44
1786,0.0001197,0.0003982,4.787,9.869,84.85
1787,0.000113,0.000399,4.412,7.801,74.95
1788,0.0001179,0.0003976,3.864,6.683,82.02
1789,0.000116,0.0004019,4.614,9.013,84.85
1790,0.0001137,0.0003966,4.773,9.313,79.2
1791,0.000114,0.000395,4.515,8.929,84.85
1792,0.0001117,0.0003936,4.271,7.654,83.44
1793,0.0001181,0.0003979,4.384,9.11,79.2
1794,0.000115,0.0004024,4.352,7.111,62.23
1795,0.0001203,0.0004005,4.579,8.967,83.44
1796,0.0001116,0.0004018,4.122,7.49,77.78
1797,0.0001136,0.0003942,4.087,7.35,77.78
1798,0.0001128,0.0003988,4.55,8.331,83.44
1799,0.0001138,0.0004032,4.607,8.115,70.71
1800,0.0001137,0.000397,4.766,9.906,83.44
1801,0.0001141,0.0003969,4.285,8.353,79.2
1802,0.0001142,0.0003949,3.907,7.1,83.44
1803,0.000115,0.0003958,4.409,8.586,73.54
1804,0.0001148,0.000401,4.564,9.086,76.37
1805,0.0001145,0.0003942,4.416,9.094,82.02
1806,0.0001144,0.0004007,4.094,7.426,72.12
1807,0.0001168,0.0003985,4.137,8.073,83.44
1808,0.0001107,0.0003975,4.423,9.026,83.44
1809,0.0001156,0.0003999,4.419,8.688,77.78
1810,0.0001152,0.0004015,4.508,8.279,80.61
1811,0.000115,0.0003981,4.271,7.548,84.85
1812,0.000114,0.0004017,4.861,9.435,77.78
1813,0.0001146,0.0004,4.271,8.367,82.02
1814,0.0001166,0.0003944,4.582,8.833,72.12
1815,0.0001146,0.0003919,4.257,8.121,82.02
1816,0.0001169,0.0003944,4.564,8.203,73.54
1817,0.0001162,0.0003951,4.876,9.906,83.44
1818,0.0001132,0.000401,4.794,9.082,83.44
1819,0.0001128,0.0003982,4.091,7.26,74.95
1820,0.0001166,0.0003973,4.274,8.775,80.61
1821,0.0001132,0.0003956,3.917,7.225,82.02
1822,0.0001135,0.000397,3.995,6.341,59.4
1823,0.0001152,0.0003992,4.946,9.55,77.78
1824,0.0001126,0.0003957,4.306,9.253,83.44
1825,0.0001147,0.000395,4.419,9.648,83.44
1826,0.0001141,0.0003962,4.115,8.175,83.44
1827,0.000116,0.0003984,4.603,9.501,83.44
1828,0.0001151,0.0004006,4.522,8.527,83.44
1829,0.000111,0.000395,4.331,9.198,83.44
1830,0.0001139,0.0003996,4.299,8.017,83.44
1831,0.0001164,0.0003968,4.748,9.771,82.02
1832,0.0001169,0.0003984,4.635,8.928,83.44
1833,0.0001139,0.0003994,4.55,9.38,83.44
1834,0.0001132,0.0003963,4.342,8.698,83.44
1835,0.0001141,0.000399,4.437,9.134,83.44
1836,0.0001146,0.0003967,4.214,8.009,80.61
1837,0.0001148,0.0003963,4.709,9.157,72.12
1838,0.0001124,0.0003945,4.536,8.336,74.95
1839,0.0001127,0.0003974,4.685,9.373,77.78
1840,0.0001136,0.0003979,4.656,9.321,79.2
1841,0.0001164,0.0003982,4.405,8.494,82.02
1842,0.0001156,0.0003965,3.97,7.56,83.44
1843,0.0001133,0.0003997,4.108,7.652,82.02
1844,0.0001178,0.0004009,4.847,9.225,83.44
1845,0.000115,0.0004035,4.059,6.953,70.71
1846,0.0001134,0.000407,4.78,10.2,82.02
1847,0.0001131,0.0003987,4.419,8.051,73.54
1848,0.0001136,0.0004035,4.769,9.321,80.61
1849,0.0001165,0.0003965,3.977,6.764,69.3
1850,0.0001187,0.0004004,4.497,9.409,86.27
1851,0.0001162,0.0003975,4.133,7.393,82.02
1852,0.0001166,0.0003994,4.186,8.438,82.02
1853,0.0001139,0.000399,4.416,8.244,82.02
1854,0.0001169,0.000397,3.939,6.323,69.3
1855,0.0001117,0.0003977,4.246,8.091,84.85
1856,0.000115,0.0003958,4.568,9.866,84.85
1857,0.0001154,0.0003937,4.395,8.103,69.3
1858,0.0001145,0.0003994,4.469,8.462,80.61
1859,0.0001176,0.0003959,3.928,7.766,79.2
1860,0.0001138,0.0003952,4.137,8.534,80.61
1861,0.0001163,0.0003998,4.246,7.721,72.12
1862,0.0001172,0.0004014,4.692,9.246,77.78
1863,0.0001171,0.0003925,4.317,8.146,77.78
1864,0.0001137,0.0003937,4.837,9.343,83.44
1865,0.0001131,0.0003967,4.091,7.797,82.02
1866,0.0001141,0.0003942,3.659,6.268,77.78
1867,0.0001153,0.0003891,4.14,8.622,79.2
1868,0.0001117,0.0003991,5.137,9.875,82.02
1869,0.000115,0.0004038,3.758,6.357,72.12
1870,0.000115,0.0004008,4.554,9.566,82.02
1871,0.0001135,0.0003965,4.518,9.049,83.44
1872,0.0001139,0.0003958,4.685,9.467,82.02
1873,0.0001137,0.0003943,4.738,9.134,84.85
1874,0.0001119,0.0004,4.119,7.77,74.95
1875,0.0001119,0.0003996,4.239,8.187,83.44
1876,0.0001119,0.0003944,4.586,8.85,79.2
1877,0.0001125,0.000398,4.359,8.891,83.44
1878,0.0001134,0.0003971,4.327,8.172,74.95
1879,0.0001131,0.000404,4.48,8.411,67.88
1880,0.0001137,0.0003951,4.137,8.478,83.44
1881,0.0001175,0.0004042,4.518,8.145,70.71
1882,0.0001151,0.000398,4.183,8.537,82.02
1883,0.0001165,0.0004007,4.207,7.892,84.85
1884,0.0001132,0.0003938,4.052,7.516,83.44
1885,0.0001138,0.0003988,4.43,8.583,83.44
1886,0.0001214,0.0003984,4.384,8.679,80.61
1887,0.0001131,0.0003962,4.83,9.91,84.85
1888,0.000114,0.0004021,4.221,7.781,82.02
1889,0.0001152,0.0003966,3.716,5.849,49.5
1890,0.0001144,0.0003974,4.299,8.248,83.44
1891,0.0001162,0.0003963,4.607,9.401,77.78
1892,0.0001131,0.0003988,4.72,8.629,80.61
1893,0.0001114,0.0004024,4.844,9.331,74.95
1894,0.0001184,0.0003941,4.186,8.678,79.2
1895,0.0001159,0.0003966,4.041,7.283,74.95
1896,0.0001103,0.0003972,4.723,9.049,80.61
1897,0.0001125,0.0003974,4.115,7.62,83.44
1898,0.0001105,0.0004012,4.317,8.373,82.02
1899,0.0001153,0.0003998,4.448,8.842,76.37
1900,0.0001088,0.000396,4.232,7.945,82.02
1901,0.0001176,0.0003963,4.161,8.672,83.44
1902,0.000114,0.0003987,5.063,9.757,83.44
1903,0.0001159,0.0004002,4.306,8.227,83.44
1904,0.0001183,0.0003982,4.285,8.465,77.78
1905,0.0001145,0.0003947,4.331,8.181,77.78
1906,0.0001168,0.0004006,4.412,7.972,83.44
1907,0.0001177,0.0003968,3.84,6.609,69.3
1908,0.00011,0.0003981,4.282,8.028,74.95
1909,0.0001156,0.0004009,3.878,6.963,82.02
1910,0.0001152,0.0003964,4.773,9.613,83.44
1911,0.0001152,0.0003964,4.031,7.995,83.44
1912,0.000115,0.0003943,4.225,8.168,83.44
1913,0.0001125,0.0003964,4.278,8.441,83.44
1914,0.0001108,0.0004003,4.423,8.22,79.2
1915,0.000117,0.0003912,3.758,6.111,63.64
1916,0.0001117,0.0003963,4.861,10.07,83.44
1917,0.0001156,0.0004018,4.716,9.416,79.2
1918,0.000114,0.0003989,4.37,8.885,82.02
1919,0.0001162,0.0003984,4.709,8.614,77.78
1920,0.0001125,0.000399,4.543,10,83.44
1921,0.0001139,0.0004007,3.977,6.932,70.71
1922,0.0001146,0.0004004,4.292,8.521,74.95
1923,0.000112,0.0003954,4.211,7.897,67.88
1924,0.0001115,0.0004016,4.738,9.601,83.44
1925,0.000116,0.0004027,4.207,7.786,73.54
1926,0.0001121,0.0003996,4.303,8.01,77.78
1927,0.0001193,0.0003954,4.299,8.595,82.02
1928,0.0001133,0.0003975,4.734,9.495,82.02
1929,0.0001145,0.0003982,4.218,8.09,83.44
1930,0.0001148,0.0003929,3.932,6.755,82.02
1931,0.0001136,0.0003978,4.211,7.447,77.78
1932,0.0001147,0.0003981,4.635,9.15,74.95
1933,0.0001147,0.0003963,4.345,8.959,83.44
1934,0.0001124,0.0003952,3.833,7.81,82.02
1935,0.0001126,0.0003956,4.356,7.911,79.2
1936,0.0001115,0.0004017,4.533,7.843,72.12
1937,0.0001121,0.0004039,4.232,7.655,73.54
1938,0.0001159,0.0003974,4.487,8.721,70.71
1939,0.0001142,0.000398,4.851,10.1,80.61
1940,0.0001159,0.0003992,4.48,8.406,80.61
1941,0.0001148,0.0003936,4.204,8.021,70.71
1942,0.0001173,0.0003931,4.487,8.392,83.44
1943,0.0001153,0.0004002,4.529,8.562,79.2
1944,0.0001156,0.0003935,4.232,8.14,82.02
1945,0.0001178,0.0004,4.589,8.244,76.37
1946,0.0001179,0.0004017,4.55,8.637,82.02
1947,0.0001134,0.0003975,4.423,7.986,72.12
1948,0.000117,0.0003972,4.062,7.186,74.95
1949,0.0001144,0.0003942,4.232,7.946,84.85
1950,0.0001144,0.0003999,4.214,7.906,77.78
1951,0.0001163,0.0003959,4.204,7.81,76.37
1952,0.0001159,0.0003943,4.271,8.413,79.2
1953,0.0001157,0.0004006,4.26,8.311,83.44
1954,0.0001157,0.0003974,4.727,8.776,77.78
1955,0.0001164,0.0003986,4.327,8.347,83.44
1956,0.0001132,0.0003938,4.43,8.394,79.2
1957,0.0001133,0.0004022,4.868,9.873,83.44
1958,0.0001154,0.0003977,4.624,8.997,82.02
1959,0.0001124,0.0004066,4.2,8.001,83.44
1960,0.0001147,0.0003997,4.423,8.692,84.85
1961,0.0001133,0.0003971,3.932,6.719,62.23
1962,0.0001137,0.0003972,4.175,7.495,76.37
1963,0.0001126,0.0003963,4.419,9.41,83.44
1964,0.0001153,0.0003972,3.914,6.959,77.78
1965,0.000115,0.0003976,4.476,9.462,82.02
1966,0.0001143,0.0003996,4.469,8.204,82.02
1967,0.0001148,0.0004002,4.759,9.864,83.44
1968,0.0001116,0.0003946,4.621,9.421,82.02
1969,0.0001138,0.0003951,4.455,7.997,76.37
1970,0.0001201,0.0003968,4.264,7.372,72.12
1971,0.0001161,0.0003973,3.882,6.766,67.88
1972,0.0001144,0.0004005,4.511,8.746,72.12
1973,0.0001143,0.0003972,4.214,7.789,84.85
1974,0.0001115,0.0004009,4.557,8.814,77.78
1975,0.0001127,0.0003941,4.384,9.083,80.61
1976,0.0001181,0.0003953,4.25,7.626,83.44
1977,0.0001129,0.000399,4.476,8.978,82.02
1978,0.0001121,0.0004001,4.462,8.624,80.61
1979,0.0001143,0.0003988,4.232,8.633,80.61
1980,0.0001118,0.0003984,4.278,8.409,83.44
1981,0.0001172,0.0003998,4.465,8.507,79.2
1982,0.0001134,0.0003981,4.257,7.776,74.95
1983,0.0001152,0.0003943,4.373,8.155,76.37
1984,0.0001124,0.0003997,4.303,8.001,72.12
1985,0.0001162,0.0003972,3.949,7.61,80.61
1986,0.000112,0.0003932,4.076,8.199,80.61
1987,0.0001179,0.0004002,4.349,8.27,83.44
1988,0.0001171,0.0003986,4.89,9.747,83.44
1989,0.0001151,0.0003983,4.186,8.495,83.44
1990,0.0001149,0.0003969,4.67,9.607,82.02
1991,0.0001157,0.0003966,3.734,5.873,57.98
1992,0.0001162,0.0003988,4.402,8.54,83.44
1993,0.000114,0.0003981,4.016,6.581,55.15
1994,0.000115,0.0003973,4.472,7.807,67.88
1995,0.0001152,0.0003998,4.126,7.825,79.2
1996,0.0001165,0.0004002,4.296,8.631,82.02
1997,0.000113,0.0004004,4.345,7.975,84.85
1998,0.0001121,0.000401,4.317,8.12,79.2
1999,0.0001225,0.0003955,4.327,8.649,80.61
2000,0.0001168,0.0003972,4.08,7.868,83.44
